view,label,tag,id,name,type,value,options,min,max,maxlength,pattern,disabled
Device > Device,Device Name:,input,device_label,hostname,text,emsfp-a2-10-0c,,,,16,,False
Device > Device,Tags:,input,tags,tags,text,,,,,,,False
Device > Device,Primary IP Address:,input,primary_ip,ip_addr,text,192.168.39.230,,,,,,False
Device > Device,Subnet Mask:,input,primary_subnet,subnet_mask,text,255.255.255.0,,,,,,False
Device > Device,Gateway:,input,primary_gateway,gateway,text,192.168.39.1,,,,,,False
Device > Device,Secondary IP Address:,input,,second_ip,text,172.16.16.2,,,,,,False
Device > Device,Subnet Mask:,input,second_subnet,second_subnet_mask,text,255.255.255.0,,,,,,False
Device > Device,Gateway:,input,second_gateway,second_gateway,text,172.16.16.1,,,,,,False
Device > Device,Management IP Address:,input,,mgmt_ip,text,192.168.40.230,,,,,,False
Device > Device,Subnet Mask:,input,mgmt_subnet,mgmt_subnet_mask,text,255.255.255.0,,,,,,False
Device > Device,Gateway:,input,mgmt_gateway,mgmt_gateway,text,192.168.40.1,,,,,,False
Device > Device,DHCP:,mat-checkbox,dhcp_enable,dhcp,,true,,,,,,True
Device > Device,VLAN Tag:,input,ctl_vlan_id,ctl_vlan_id,text,0,,,,,,True
Device > Device,DHCP:,mat-checkbox,e1_dhcp,e1_dhcp,,true,,,,,,False
Device > Device,VLAN Tag:,input,e1_vlan_id,e1_vlan_id,text,0,,,,,,False
Device > Device,DHCP:,mat-checkbox,e2_dhcp,e2_dhcp,,true,,,,,,False
Device > Device,VLAN Tag:,input,e2_vlan_id,e2_vlan_id,text,0,,,,,,False
Device > Device,DHCP:,mat-checkbox,mgmt_dhcp,mgmt_dhcp,,true,,,,,,False
Device > Device,VLAN Tag:,input,mgmt_vlan_id,mgmt_vlan_id,text,0,,,,,,False
Device > Device,mDNS:,mat-checkbox,mdns_enable,mdns,,true,,,,,,False
Device > Device,SAP Announcement:,mat-checkbox,sap_announcement_enable,sap_announcement_enable,,true,,,,,,False
Device > Device,REST over Media:,mat-checkbox,media_enable,media_enable,,true,,,,,,True
Device > PTP,Device Name:,input,device_label,hostname,text,emsfp-a2-10-0c,,,,16,,False
Device > PTP,Multicast,mat-radio-group,,mode,,Multicast,Multicast | Hybrid | Unicast,,,,,False
Device > PTP,Auto,mat-radio-group,,autoOrManual,,Auto,Auto | Manual,,,,,False
Device > PTP,Sources 1,mat-radio-group,,source1OrSource2,,Sources 1,Sources 1 | Sources 2,,,,,False
Device > PTP,Domain Number:,input,domain_num,domain_num,text,77,,,,,,False
Device > PTP,Vlan ID:,input,vlan_id,vlan_id,text,0,,,,,,False
Device > PTP,DSCP:,input,dscp,dscp,text,46,,,,,,False
Device > PTP,Grand Master ID:,input,grand_master_id,grand_master_id,text,e8-ea-6a-ff-fe-09-bb-9e,,,,,,True
Device > PTP,Domain Number:,input,domin_number_s2,domain_num_2,text,77,,,,,,False
Device > PTP,Vlan ID:,input,vlan_id2,vlan_id2,text,0,,,,,,False
Device > PTP,DSCP:,input,dscp_s2,dscp_2,text,46,,,,,,False
Device > PTP,Grand Master ID:,input,grand_master_id_s2,grand_master_id_2,text,94-8e-d3-ff-ff-06-18-b1,,,,,,True
Device > Location,Device Name:,input,device_label,hostname,text,emsfp-a2-10-0c,,,,16,,False
Device > Location,Static entry,mat-radio-group,,autoOrManual,,, |  |  | ,,,,,False
Device > Location,Location:,input,static_location_input,static_location,text,,,,,53,,False
Device > Location,LLDP Tx rate:,input,rate,location,text,45,,,,,,False
Device > Location,LLDP Rx:,mat-checkbox,enable,enable,,true,,,,,,False
Device > DNS,Device Name:,input,device_label,hostname,text,emsfp-a2-10-0c,,,,16,,False
Device > DNS,Server address:,input,rate,location,text,0.0.0.0,,,,,,True
Device > DNS,Domain Name:,input,rate,location,text,,,,,,,True
Device > DNS,Host:,input,rate,location,text,,,,,,,False
Device > DNS,Name:,input,rate,location,text,,,,,,,True
Device > DNS,Address:,input,rate,location,text,,,,,,,True
Device > NMOS,Device Name:,input,device_label,hostname,text,emsfp-a2-10-0c,,,,16,,False
Device > NMOS,Control Network:,select,control-network,control-network,,Media,media=Media | OOB=Management,,,,,False
Device > NMOS,Registry Address:,input,registry_address,registry_address,text,10.6.250.5:8080,,,,,,False
Device > NMOS,Backup Registry Address:,input,registry_address_2,registry_address_2,text,0.0.0.0:0,,,,,,False
Device > NMOS,Uptime:,input,uptime,uptime,text,94247,,,,,,True
Device > NMOS,Connection Count:,input,connection_count,connection_count,text,3,,,,,,True
Device > NMOS,Auto,mat-radio-group,,autoOrManual,,Manual,auto=Auto | manual=Manual,,,,,False
Device > NMOS,DNS Registry Service:,input,dns_registry_service,dns_registry_service,text,_nmos-register._tcp.dns.nmos.tv,,,,,,True
Device > NMOS,mDNS:,mat-checkbox,enable,mdns_mode,,false,,,,,,False
Device > NMOS,Active DNS Server Addresses:,input,dns_server_address,dns_server_address,text,,,,,,,True
Device > NMOS,Manual DNS Server Addresses:,input,manual_dns_server_address,,text,0.0.0.0,,,,,,False
Device > NMOS,Status:,input,manual_dns_server_address_2,,text,0.0.0.0,,,,,,False
Device > NMOS,Status:,input,manual_dns_server_address_3,,text,0.0.0.0,,,,,,False
Device > NMOS,Status:,input,manual_dns_server_address_4,,text,0.0.0.0,,,,,,False
Device > NMOS,Channel 1:,mat-checkbox,channel_1_enable,,,true,,,,,,False
Device > NMOS,Channel 2:,mat-checkbox,channel_2_enable,,,true,,,,,,False
Device > NMOS,Channel 3:,mat-checkbox,channel_3_enable,,,true,,,,,,False
Device > NMOS,Channel 4:,mat-checkbox,channel_4_enable,,,true,,,,,,False
Device > NMOS,Channel 5:,mat-checkbox,channel_5_enable,,,true,,,,,,False
Device > NMOS,Channel 6:,mat-checkbox,channel_6_enable,,,true,,,,,,False
Device > NMOS,Channel 7:,mat-checkbox,channel_7_enable,,,true,,,,,,False
Device > NMOS,Channel 8:,mat-checkbox,channel_8_enable,,,true,,,,,,False
Device > Ports,Device Name:,input,device_label,hostname,text,emsfp-a2-10-0c,,,,16,,False
Device > Ports,Bit Rate:,select,operatingBitRate,operatingBitRate,,Integer,9: fractional=Fractional | 10: integer=Integer | 11: auto=Auto,,,,,False
Device > Ports,RS-FEC:,mat-checkbox,rs-fec-3,rsfec3,,false,,,,,,False
Device > Ports,BB:,mat-checkbox,bb,bb,,false,,,,,,True
Device > Ports,RS-FEC:,mat-checkbox,rs-fec-5,rsfec5,,false,,,,,,False
Device > Ports,Management:,mat-checkbox,mgmt,mgmt,,false,,,,,,False
Device > Syslog,Device Name:,input,device_label,hostname,text,emsfp-a2-10-0c,,,,16,,False
Device > Syslog,Server:,input,Server,,ip,10.6.250.101,,,,,,False
Device > Syslog,Port:,input,Port,,number,1514,,,,,,False
Device > Syslog,Enable:,mat-checkbox,enable,,,true,,,,,,False
Device > Syslog,PTP event:,mat-checkbox,ptpEvent,,,true,,,,,,False
Device > Syslog,Temperature event:,mat-checkbox,temp_event,,,true,,,,,,False
Device > Syslog,NBAPI event:,mat-checkbox,northbound_api_event,,,true,,,,,,False
Device > Syslog,RTA event:,mat-checkbox,rtp_timestamp_audio_event,,,true,,,,,,False
Device > Syslog,Fan spell event:,mat-checkbox,fan_speed,,,true,,,,,,False
Device > Syslog,SDI event:,mat-checkbox,sdi_event,,,true,,,,,,False
Device > Syslog,No signal:,mat-checkbox,no_signal,,,true,,,,,,False
Device > Syslog,Output FlyWheel:,mat-checkbox,output_flywheel,,,true,,,,,,False
Device > Syslog,Memory packet error:,mat-checkbox,memory_pkt_error,,,true,,,,,,False
Device > Syslog,Flow impairment:,mat-checkbox,flow_impairment,,,true,,,,,,False
Device > Syslog,Dash-7 FIFO:,mat-checkbox,dash7_fifo_error,,,true,,,,,,False
Device > Syslog,Repeated output frame:,mat-checkbox,frame_repeat,,,true,,,,,,False
Device > Syslog,Skipped output frame:,mat-checkbox,frame_skipped,,,true,,,,,,False
Device > Routes,Device Name:,input,device_label,hostname,text,emsfp-a2-10-0c,,,,16,,False
Device > Routes,Destination:,input,destination_1},,text,0.0.0.0/0,,,,,,False
Device > Routes,Gateway:,input,gateway_1,,text,0.0.0.0,,,,,,False
Device > Routes,Destination:,input,destination_2},,text,0.0.0.0/0,,,,,,False
Device > Routes,Gateway:,input,gateway_2,,text,0.0.0.0,,,,,,False
Device > Routes,Destination:,input,destination_3},,text,0.0.0.0/0,,,,,,False
Device > Routes,Gateway:,input,gateway_3,,text,0.0.0.0,,,,,,False
Device > Routes,Destination:,input,destination_4},,text,0.0.0.0/0,,,,,,False
Device > Routes,Gateway:,input,gateway_4,,text,0.0.0.0,,,,,,False
Device > Routes,Destination:,input,destination_5},,text,0.0.0.0/0,,,,,,False
Device > Routes,Gateway:,input,gateway_5,,text,0.0.0.0,,,,,,False
Signals > CH1 > RED primary > Video,Single/Quad-link:,select,cdis,cdis,,Single,single=Single | 2si=Interleaved | sqdiv=Square Division,,,,,False
Signals > CH1 > RED primary > Video,Video Format:,select,video_format,video_format,,1080p50,1080p50 | 720p50 | 720p59.94 | 720p60 | 720p23.98 | 720p24 | 720p25 | 720p29.97 | 720p30 | 1080p23.98 | 1080psf23.98 | 1080p24 | 1080psf24 | 1080p25 | 1080psf25 | 1080p29.97 | 1080psf29.97 | 1080p30 | 1080psf30 | 1080i47.95 | 1080i48 | 1080i50 | 1080i59.94 | 1080i60 | 1080p59.94 | 1080p60 | 2048x1080p23.98 | 2048x1080p24 | 2048x1080p25 | 2048x1080p29.97 | 2048x1080p30 | 2048x1080p47.95 | 2048x1080p48 | 2048x1080p50 | 2048x1080p59.94 | 2048x1080p60 | 3840x2160p23.98 | 3840x2160p24 | 3840x2160p25 | 3840x2160p29.97 | 3840x2160p30 | 4096x2160p23.98 | 4096x2160p24 | 4096x2160p25 | 4096x2160p29.97 | 4096x2160p30 | 4096x2160p47.95 | 4096x2160p48 | 3840x2160p50 | 3840x2160p59.94 | 3840x2160p60 | 4096x2160p50 | 4096x2160p59.94 | 4096x2160p60,,,,,False
Signals > CH1 > RED primary > Video,Sampling:,mat-radio-group,,sampling,,4:2:2,4:2:2 | 4:4:4,,,,,False
Signals > CH1 > RED primary > Video,Bit Depth:,mat-radio-group,,bit_depth,,10 bits,10 bits | 12 bits,,,,,False
Signals > CH1 > RED primary > Video,Color Space:,mat-radio-group,,colorSpace,,YCbCr,YCbCr | RGB,,,,,False
Signals > CH1 > RED primary > Video,Colorimetry:,select,flow-colorimetry,colorimetry,,BT709,BT709 | BT2020 | BT2100,,,,,False
Signals > CH1 > RED primary > Video,Transfer Characteristics:,select,flow-tranfer_characteristics,tranferCharacteristics,,SDR,SDR | HLG | PQ,,,,,False
Signals > CH1 > RED primary > Video,Source IP:,input,src_ip_addr,src_ip_addr,text,0.0.0.0,,,,,,False
Signals > CH1 > RED primary > Video,Source Port:,input,src_udp_port,src_udp_port,text,0,,,,,,False
Signals > CH1 > RED primary > Video,Destination IP:,input,dst_ip_addr,dst_ip_addr,text,0.0.0.0,,,,,,False
Signals > CH1 > RED primary > Video,Destination Port:,input,dst_udp_port,dst_udp_port,text,0,,,,,,False
Signals > CH1 > RED primary > Video,Destination MAC:,input,dst_mac,dst_mac,text,01:00:5e:00:01:02,,,,,,True
Signals > CH1 > RED primary > Video,VLAN Tag:,input,vlan_tag,vlan_tag,text,0,,,,,,False
Signals > CH1 > RED primary > Video,Enable Flow:,mat-checkbox,network_enable,network_enable,,true,,,,,,False
Signals > CH1 > RED primary > Video,RTP Payload:,input,rtp_pt,rtp_pt,text,96,,,,,,False
Signals > CH1 > RED primary > Video,IGMP SRC IP:,input,igmp_src_ip,igmp_src_ip,text,0.0.0.0,,,,,,False
Signals > CH1 > RED primary > Video,Sender Type:,select,sender_type,senderType,,Narrow,0=Narrow | 1=Wide,,,,,False
Signals > CH1 > RED primary > Video,Name:,input,name,name,text,tx ch1 flow 0 pri,,,,24,,False
Signals > CH1 > RED primary > Video,Tags:,input,tags,tags,text,rx;,,,,,,False
Signals > CH1 > RED primary > Video,Label:,input,label,label,text,F:  0- 0- 0,,,,14,,False
Signals > CH1 > RED primary > Video,Use Name entry to set Label,mat-checkbox,mat-checkbox-56,,,false,,,,,,False
Signals > CH1 > RED primary > Video,Source IP:,mat-checkbox,pkt_filter_src_ip,pkt_filter_src_ip,,false,,,,,,False
Signals > CH1 > RED primary > Video,Source UDP Port:,mat-checkbox,pkt_filter_src_udp,pkt_filter_src_udp,,false,,,,,,False
Signals > CH1 > RED primary > Video,Source MAC:,mat-checkbox,pkt_filter_src_mac,pkt_filter_src_mac,,false,,,,,,False
Signals > CH1 > RED primary > Video,Destination IP:,mat-checkbox,pkt_filter_dst_ip,pkt_filter_dst_ip,,true,,,,,,False
Signals > CH1 > RED primary > Video,Destination UDP Port:,mat-checkbox,pkt_filter_dst_udp,pkt_filter_dst_udp,,false,,,,,,False
Signals > CH1 > RED primary > Video,Destination MAC:,mat-checkbox,pkt_filter_dst_mac,pkt_filter_dst_mac,,false,,,,,,False
Signals > CH1 > RED primary > Video,VLAN:,mat-checkbox,pkt_filter_vlan,pkt_filter_vlan,,false,,,,,,False
Signals > CH1 > RED primary > Audio 1,Source IP:,input,src_ip_addr,src_ip_addr,text,0.0.0.0,,,,,,False
Signals > CH1 > RED primary > Audio 1,Source Port:,input,src_udp_port,src_udp_port,text,0,,,,,,False
Signals > CH1 > RED primary > Audio 1,Destination IP:,input,dst_ip_addr,dst_ip_addr,text,0.0.0.0,,,,,,False
Signals > CH1 > RED primary > Audio 1,Destination Port:,input,dst_udp_port,dst_udp_port,text,0,,,,,,False
Signals > CH1 > RED primary > Audio 1,Destination MAC:,input,dst_mac,dst_mac,text,01:00:5e:00:01:04,,,,,,True
Signals > CH1 > RED primary > Audio 1,VLAN Tag:,input,vlan_tag,vlan_tag,text,0,,,,,,False
Signals > CH1 > RED primary > Audio 1,Enable Flow:,mat-checkbox,network_enable,network_enable,,false,,,,,,False
Signals > CH1 > RED primary > Audio 1,RTP Payload:,input,rtp_pt,rtp_pt,text,97,,,,,,False
Signals > CH1 > RED primary > Audio 1,IGMP SRC IP:,input,igmp_src_ip,igmp_src_ip,text,0.0.0.0,,,,,,False
Signals > CH1 > RED primary > Audio 1,Name:,input,name,name,text,rx ch1 flow 1 pri,,,,24,,False
Signals > CH1 > RED primary > Audio 1,Tags:,input,tags,tags,text,rx ;,,,,,,False
Signals > CH1 > RED primary > Audio 1,Label:,input,label,label,text,F:  0- 1- 0,,,,14,,False
Signals > CH1 > RED primary > Audio 1,Use Name entry to set Label,mat-checkbox,mat-checkbox-56,,,false,,,,,,False
Signals > CH1 > RED primary > Audio 1,Nbr of SDI channels:,input,aud_chan_cnt,aud_chan_cnt,number,2,,0,16,,,False
Signals > CH1 > RED primary > Audio 1,Audio Format:,select,aud-format,aud_format,,Uncompressed,dash-30=Uncompressed | dash-31=Compressed,,,,,False
Signals > CH1 > RED primary > Audio 1,Packet Time:,select,aud_ptime_idx,packetTime,,1 ms,0=1 ms | 1=125 μs | 2=250 μs | 3=333 μs | 5=500 μs,,,,,False
Signals > CH1 > RED primary > Audio 1,Source IP:,mat-checkbox,pkt_filter_src_ip,pkt_filter_src_ip,,false,,,,,,False
Signals > CH1 > RED primary > Audio 1,Source UDP Port:,mat-checkbox,pkt_filter_src_udp,pkt_filter_src_udp,,false,,,,,,False
Signals > CH1 > RED primary > Audio 1,Source MAC:,mat-checkbox,pkt_filter_src_mac,pkt_filter_src_mac,,false,,,,,,False
Signals > CH1 > RED primary > Audio 1,Destination IP:,mat-checkbox,pkt_filter_dst_ip,pkt_filter_dst_ip,,true,,,,,,False
Signals > CH1 > RED primary > Audio 1,Destination UDP Port:,mat-checkbox,pkt_filter_dst_udp,pkt_filter_dst_udp,,false,,,,,,False
Signals > CH1 > RED primary > Audio 1,Destination MAC:,mat-checkbox,pkt_filter_dst_mac,pkt_filter_dst_mac,,false,,,,,,False
Signals > CH1 > RED primary > Audio 1,VLAN:,mat-checkbox,pkt_filter_vlan,pkt_filter_vlan,,false,,,,,,False
Signals > CH1 > RED primary > Audio 2,Source IP:,input,src_ip_addr,src_ip_addr,text,0.0.0.0,,,,,,False
Signals > CH1 > RED primary > Audio 2,Source Port:,input,src_udp_port,src_udp_port,text,0,,,,,,False
Signals > CH1 > RED primary > Audio 2,Destination IP:,input,dst_ip_addr,dst_ip_addr,text,0.0.0.0,,,,,,False
Signals > CH1 > RED primary > Audio 2,Destination Port:,input,dst_udp_port,dst_udp_port,text,0,,,,,,False
Signals > CH1 > RED primary > Audio 2,Destination MAC:,input,dst_mac,dst_mac,text,01:00:5e:00:01:06,,,,,,True
Signals > CH1 > RED primary > Audio 2,VLAN Tag:,input,vlan_tag,vlan_tag,text,0,,,,,,False
Signals > CH1 > RED primary > Audio 2,Enable Flow:,mat-checkbox,network_enable,network_enable,,false,,,,,,False
Signals > CH1 > RED primary > Audio 2,RTP Payload:,input,rtp_pt,rtp_pt,text,97,,,,,,False
Signals > CH1 > RED primary > Audio 2,IGMP SRC IP:,input,igmp_src_ip,igmp_src_ip,text,0.0.0.0,,,,,,False
Signals > CH1 > RED primary > Audio 2,Name:,input,name,name,text,rx ch1 flow 2 pri,,,,24,,False
Signals > CH1 > RED primary > Audio 2,Tags:,input,tags,tags,text,rx ;,,,,,,False
Signals > CH1 > RED primary > Audio 2,Label:,input,label,label,text,F:  0- 2- 0,,,,14,,False
Signals > CH1 > RED primary > Audio 2,Use Name entry to set Label,mat-checkbox,mat-checkbox-56,,,false,,,,,,False
Signals > CH1 > RED primary > Audio 2,Nbr of SDI channels:,input,aud_chan_cnt,aud_chan_cnt,number,2,,0,16,,,False
Signals > CH1 > RED primary > Audio 2,Audio Format:,select,aud-format,aud_format,,Uncompressed,dash-30=Uncompressed | dash-31=Compressed,,,,,False
Signals > CH1 > RED primary > Audio 2,Packet Time:,select,aud_ptime_idx,packetTime,,1 ms,0=1 ms | 1=125 μs | 2=250 μs | 3=333 μs | 5=500 μs,,,,,False
Signals > CH1 > RED primary > Audio 2,Source IP:,mat-checkbox,pkt_filter_src_ip,pkt_filter_src_ip,,false,,,,,,False
Signals > CH1 > RED primary > Audio 2,Source UDP Port:,mat-checkbox,pkt_filter_src_udp,pkt_filter_src_udp,,false,,,,,,False
Signals > CH1 > RED primary > Audio 2,Source MAC:,mat-checkbox,pkt_filter_src_mac,pkt_filter_src_mac,,false,,,,,,False
Signals > CH1 > RED primary > Audio 2,Destination IP:,mat-checkbox,pkt_filter_dst_ip,pkt_filter_dst_ip,,true,,,,,,False
Signals > CH1 > RED primary > Audio 2,Destination UDP Port:,mat-checkbox,pkt_filter_dst_udp,pkt_filter_dst_udp,,false,,,,,,False
Signals > CH1 > RED primary > Audio 2,Destination MAC:,mat-checkbox,pkt_filter_dst_mac,pkt_filter_dst_mac,,false,,,,,,False
Signals > CH1 > RED primary > Audio 2,VLAN:,mat-checkbox,pkt_filter_vlan,pkt_filter_vlan,,false,,,,,,False
Signals > CH1 > RED primary > Audio 3,Source IP:,input,src_ip_addr,src_ip_addr,text,0.0.0.0,,,,,,False
Signals > CH1 > RED primary > Audio 3,Source Port:,input,src_udp_port,src_udp_port,text,0,,,,,,False
Signals > CH1 > RED primary > Audio 3,Destination IP:,input,dst_ip_addr,dst_ip_addr,text,0.0.0.0,,,,,,False
Signals > CH1 > RED primary > Audio 3,Destination Port:,input,dst_udp_port,dst_udp_port,text,0,,,,,,False
Signals > CH1 > RED primary > Audio 3,Destination MAC:,input,dst_mac,dst_mac,text,01:00:5e:00:01:08,,,,,,True
Signals > CH1 > RED primary > Audio 3,VLAN Tag:,input,vlan_tag,vlan_tag,text,0,,,,,,False
Signals > CH1 > RED primary > Audio 3,Enable Flow:,mat-checkbox,network_enable,network_enable,,false,,,,,,False
Signals > CH1 > RED primary > Audio 3,RTP Payload:,input,rtp_pt,rtp_pt,text,97,,,,,,False
Signals > CH1 > RED primary > Audio 3,IGMP SRC IP:,input,igmp_src_ip,igmp_src_ip,text,0.0.0.0,,,,,,False
Signals > CH1 > RED primary > Audio 3,Name:,input,name,name,text,rx ch1 flow 3 pri,,,,24,,False
Signals > CH1 > RED primary > Audio 3,Tags:,input,tags,tags,text,rx ;,,,,,,False
Signals > CH1 > RED primary > Audio 3,Label:,input,label,label,text,F:  0- 3- 0,,,,14,,False
Signals > CH1 > RED primary > Audio 3,Use Name entry to set Label,mat-checkbox,mat-checkbox-56,,,false,,,,,,False
Signals > CH1 > RED primary > Audio 3,Nbr of SDI channels:,input,aud_chan_cnt,aud_chan_cnt,number,2,,0,16,,,False
Signals > CH1 > RED primary > Audio 3,Audio Format:,select,aud-format,aud_format,,Uncompressed,dash-30=Uncompressed | dash-31=Compressed,,,,,False
Signals > CH1 > RED primary > Audio 3,Packet Time:,select,aud_ptime_idx,packetTime,,1 ms,0=1 ms | 1=125 μs | 2=250 μs | 3=333 μs | 5=500 μs,,,,,False
Signals > CH1 > RED primary > Audio 3,Source IP:,mat-checkbox,pkt_filter_src_ip,pkt_filter_src_ip,,false,,,,,,False
Signals > CH1 > RED primary > Audio 3,Source UDP Port:,mat-checkbox,pkt_filter_src_udp,pkt_filter_src_udp,,false,,,,,,False
Signals > CH1 > RED primary > Audio 3,Source MAC:,mat-checkbox,pkt_filter_src_mac,pkt_filter_src_mac,,false,,,,,,False
Signals > CH1 > RED primary > Audio 3,Destination IP:,mat-checkbox,pkt_filter_dst_ip,pkt_filter_dst_ip,,true,,,,,,False
Signals > CH1 > RED primary > Audio 3,Destination UDP Port:,mat-checkbox,pkt_filter_dst_udp,pkt_filter_dst_udp,,false,,,,,,False
Signals > CH1 > RED primary > Audio 3,Destination MAC:,mat-checkbox,pkt_filter_dst_mac,pkt_filter_dst_mac,,false,,,,,,False
Signals > CH1 > RED primary > Audio 3,VLAN:,mat-checkbox,pkt_filter_vlan,pkt_filter_vlan,,false,,,,,,False
Signals > CH1 > RED primary > Audio 4,Source IP:,input,src_ip_addr,src_ip_addr,text,0.0.0.0,,,,,,False
Signals > CH1 > RED primary > Audio 4,Source Port:,input,src_udp_port,src_udp_port,text,0,,,,,,False
Signals > CH1 > RED primary > Audio 4,Destination IP:,input,dst_ip_addr,dst_ip_addr,text,0.0.0.0,,,,,,False
Signals > CH1 > RED primary > Audio 4,Destination Port:,input,dst_udp_port,dst_udp_port,text,0,,,,,,False
Signals > CH1 > RED primary > Audio 4,Destination MAC:,input,dst_mac,dst_mac,text,01:00:5e:00:01:0a,,,,,,True
Signals > CH1 > RED primary > Audio 4,VLAN Tag:,input,vlan_tag,vlan_tag,text,0,,,,,,False
Signals > CH1 > RED primary > Audio 4,Enable Flow:,mat-checkbox,network_enable,network_enable,,false,,,,,,False
Signals > CH1 > RED primary > Audio 4,RTP Payload:,input,rtp_pt,rtp_pt,text,97,,,,,,False
Signals > CH1 > RED primary > Audio 4,IGMP SRC IP:,input,igmp_src_ip,igmp_src_ip,text,0.0.0.0,,,,,,False
Signals > CH1 > RED primary > Audio 4,Name:,input,name,name,text,rx ch1 flow 4 pri,,,,24,,False
Signals > CH1 > RED primary > Audio 4,Tags:,input,tags,tags,text,rx ;,,,,,,False
Signals > CH1 > RED primary > Audio 4,Label:,input,label,label,text,F:  0- 4- 0,,,,14,,False
Signals > CH1 > RED primary > Audio 4,Use Name entry to set Label,mat-checkbox,mat-checkbox-56,,,false,,,,,,False
Signals > CH1 > RED primary > Audio 4,Nbr of SDI channels:,input,aud_chan_cnt,aud_chan_cnt,number,2,,0,16,,,False
Signals > CH1 > RED primary > Audio 4,Audio Format:,select,aud-format,aud_format,,Uncompressed,dash-30=Uncompressed | dash-31=Compressed,,,,,False
Signals > CH1 > RED primary > Audio 4,Packet Time:,select,aud_ptime_idx,packetTime,,1 ms,0=1 ms | 1=125 μs | 2=250 μs | 3=333 μs | 5=500 μs,,,,,False
Signals > CH1 > RED primary > Audio 4,Source IP:,mat-checkbox,pkt_filter_src_ip,pkt_filter_src_ip,,false,,,,,,False
Signals > CH1 > RED primary > Audio 4,Source UDP Port:,mat-checkbox,pkt_filter_src_udp,pkt_filter_src_udp,,false,,,,,,False
Signals > CH1 > RED primary > Audio 4,Source MAC:,mat-checkbox,pkt_filter_src_mac,pkt_filter_src_mac,,false,,,,,,False
Signals > CH1 > RED primary > Audio 4,Destination IP:,mat-checkbox,pkt_filter_dst_ip,pkt_filter_dst_ip,,true,,,,,,False
Signals > CH1 > RED primary > Audio 4,Destination UDP Port:,mat-checkbox,pkt_filter_dst_udp,pkt_filter_dst_udp,,false,,,,,,False
Signals > CH1 > RED primary > Audio 4,Destination MAC:,mat-checkbox,pkt_filter_dst_mac,pkt_filter_dst_mac,,false,,,,,,False
Signals > CH1 > RED primary > Audio 4,VLAN:,mat-checkbox,pkt_filter_vlan,pkt_filter_vlan,,false,,,,,,False
Signals > CH1 > RED primary > Ancillary,Source IP:,input,src_ip_addr,src_ip_addr,text,0.0.0.0,,,,,,False
Signals > CH1 > RED primary > Ancillary,Source Port:,input,src_udp_port,src_udp_port,text,0,,,,,,False
Signals > CH1 > RED primary > Ancillary,Destination IP:,input,dst_ip_addr,dst_ip_addr,text,0.0.0.0,,,,,,False
Signals > CH1 > RED primary > Ancillary,Destination Port:,input,dst_udp_port,dst_udp_port,text,0,,,,,,False
Signals > CH1 > RED primary > Ancillary,Destination MAC:,input,dst_mac,dst_mac,text,01:00:5e:00:01:14,,,,,,True
Signals > CH1 > RED primary > Ancillary,VLAN Tag:,input,vlan_tag,vlan_tag,text,0,,,,,,False
Signals > CH1 > RED primary > Ancillary,Enable Flow:,mat-checkbox,network_enable,network_enable,,false,,,,,,False
Signals > CH1 > RED primary > Ancillary,RTP Payload:,input,rtp_pt,rtp_pt,text,100,,,,,,False
Signals > CH1 > RED primary > Ancillary,IGMP SRC IP:,input,igmp_src_ip,igmp_src_ip,text,0.0.0.0,,,,,,False
Signals > CH1 > RED primary > Ancillary,Name:,input,name,name,text,rx ch1 flow 5 pri,,,,24,,False
Signals > CH1 > RED primary > Ancillary,Tags:,input,tags,tags,text,rx ;,,,,,,False
Signals > CH1 > RED primary > Ancillary,Label:,input,label,label,text,F:  0- 5- 0,,,,14,,False
Signals > CH1 > RED primary > Ancillary,Use Name entry to set Label,mat-checkbox,mat-checkbox-56,,,false,,,,,,False
Signals > CH1 > RED primary > Ancillary,Source IP:,mat-checkbox,pkt_filter_src_ip,pkt_filter_src_ip,,false,,,,,,False
Signals > CH1 > RED primary > Ancillary,Source UDP Port:,mat-checkbox,pkt_filter_src_udp,pkt_filter_src_udp,,false,,,,,,False
Signals > CH1 > RED primary > Ancillary,Source MAC:,mat-checkbox,pkt_filter_src_mac,pkt_filter_src_mac,,false,,,,,,False
Signals > CH1 > RED primary > Ancillary,Destination IP:,mat-checkbox,pkt_filter_dst_ip,pkt_filter_dst_ip,,true,,,,,,False
Signals > CH1 > RED primary > Ancillary,Destination UDP Port:,mat-checkbox,pkt_filter_dst_udp,pkt_filter_dst_udp,,false,,,,,,False
Signals > CH1 > RED primary > Ancillary,Destination MAC:,mat-checkbox,pkt_filter_dst_mac,pkt_filter_dst_mac,,false,,,,,,False
Signals > CH1 > RED primary > Ancillary,VLAN:,mat-checkbox,pkt_filter_vlan,pkt_filter_vlan,,false,,,,,,False
Signals > CH1 > BLUE secondary > Video,Single/Quad-link:,select,cdis,cdis,,Single,single=Single | 2si=Interleaved | sqdiv=Square Division,,,,,False
Signals > CH1 > BLUE secondary > Video,Video Format:,select,video_format,video_format,,1080p50,1080p50 | 720p50 | 720p59.94 | 720p60 | 720p23.98 | 720p24 | 720p25 | 720p29.97 | 720p30 | 1080p23.98 | 1080psf23.98 | 1080p24 | 1080psf24 | 1080p25 | 1080psf25 | 1080p29.97 | 1080psf29.97 | 1080p30 | 1080psf30 | 1080i47.95 | 1080i48 | 1080i50 | 1080i59.94 | 1080i60 | 1080p59.94 | 1080p60 | 2048x1080p23.98 | 2048x1080p24 | 2048x1080p25 | 2048x1080p29.97 | 2048x1080p30 | 2048x1080p47.95 | 2048x1080p48 | 2048x1080p50 | 2048x1080p59.94 | 2048x1080p60 | 3840x2160p23.98 | 3840x2160p24 | 3840x2160p25 | 3840x2160p29.97 | 3840x2160p30 | 4096x2160p23.98 | 4096x2160p24 | 4096x2160p25 | 4096x2160p29.97 | 4096x2160p30 | 4096x2160p47.95 | 4096x2160p48 | 3840x2160p50 | 3840x2160p59.94 | 3840x2160p60 | 4096x2160p50 | 4096x2160p59.94 | 4096x2160p60,,,,,False
Signals > CH1 > BLUE secondary > Video,Sampling:,mat-radio-group,,sampling,,4:2:2,4:2:2 | 4:4:4,,,,,False
Signals > CH1 > BLUE secondary > Video,Bit Depth:,mat-radio-group,,bit_depth,,10 bits,10 bits | 12 bits,,,,,False
Signals > CH1 > BLUE secondary > Video,Color Space:,mat-radio-group,,colorSpace,,YCbCr,YCbCr | RGB,,,,,False
Signals > CH1 > BLUE secondary > Video,Colorimetry:,select,flow-colorimetry,colorimetry,,BT709,BT709 | BT2020 | BT2100,,,,,False
Signals > CH1 > BLUE secondary > Video,Transfer Characteristics:,select,flow-tranfer_characteristics,tranferCharacteristics,,SDR,SDR | HLG | PQ,,,,,False
Signals > CH1 > BLUE secondary > Video,Source IP:,input,src_ip_addr,src_ip_addr,text,0.0.0.0,,,,,,False
Signals > CH1 > BLUE secondary > Video,Source Port:,input,src_udp_port,src_udp_port,text,0,,,,,,False
Signals > CH1 > BLUE secondary > Video,Destination IP:,input,dst_ip_addr,dst_ip_addr,text,0.0.0.0,,,,,,False
Signals > CH1 > BLUE secondary > Video,Destination Port:,input,dst_udp_port,dst_udp_port,text,0,,,,,,False
Signals > CH1 > BLUE secondary > Video,Destination MAC:,input,dst_mac,dst_mac,text,01:00:5e:04:03:86,,,,,,True
Signals > CH1 > BLUE secondary > Video,VLAN Tag:,input,vlan_tag,vlan_tag,text,0,,,,,,False
Signals > CH1 > BLUE secondary > Video,Enable Flow:,mat-checkbox,network_enable,network_enable,,false,,,,,,False
Signals > CH1 > BLUE secondary > Video,RTP Payload:,input,rtp_pt,rtp_pt,text,96,,,,,,False
Signals > CH1 > BLUE secondary > Video,IGMP SRC IP:,input,igmp_src_ip,igmp_src_ip,text,0.0.0.0,,,,,,False
Signals > CH1 > BLUE secondary > Video,Sender Type:,select,sender_type,senderType,,Narrow,0=Narrow | 1=Wide,,,,,False
Signals > CH1 > BLUE secondary > Video,Name:,input,name,name,text,rx ch1 flow 0 sec,,,,24,,False
Signals > CH1 > BLUE secondary > Video,Tags:,input,tags,tags,text,rx ;,,,,,,False
Signals > CH1 > BLUE secondary > Video,Label:,input,label,label,text,F:  0- 0- 1,,,,14,,False
Signals > CH1 > BLUE secondary > Video,Use Name entry to set Label,mat-checkbox,mat-checkbox-56,,,false,,,,,,False
Signals > CH1 > BLUE secondary > Video,Source IP:,mat-checkbox,pkt_filter_src_ip,pkt_filter_src_ip,,false,,,,,,False
Signals > CH1 > BLUE secondary > Video,Source UDP Port:,mat-checkbox,pkt_filter_src_udp,pkt_filter_src_udp,,false,,,,,,False
Signals > CH1 > BLUE secondary > Video,Source MAC:,mat-checkbox,pkt_filter_src_mac,pkt_filter_src_mac,,false,,,,,,False
Signals > CH1 > BLUE secondary > Video,Destination IP:,mat-checkbox,pkt_filter_dst_ip,pkt_filter_dst_ip,,true,,,,,,False
Signals > CH1 > BLUE secondary > Video,Destination UDP Port:,mat-checkbox,pkt_filter_dst_udp,pkt_filter_dst_udp,,false,,,,,,False
Signals > CH1 > BLUE secondary > Video,Destination MAC:,mat-checkbox,pkt_filter_dst_mac,pkt_filter_dst_mac,,false,,,,,,False
Signals > CH1 > BLUE secondary > Video,VLAN:,mat-checkbox,pkt_filter_vlan,pkt_filter_vlan,,false,,,,,,False
Signals > CH1 > BLUE secondary > Audio 1,Source IP:,input,src_ip_addr,src_ip_addr,text,0.0.0.0,,,,,,False
Signals > CH1 > BLUE secondary > Audio 1,Source Port:,input,src_udp_port,src_udp_port,text,0,,,,,,False
Signals > CH1 > BLUE secondary > Audio 1,Destination IP:,input,dst_ip_addr,dst_ip_addr,text,0.0.0.0,,,,,,False
Signals > CH1 > BLUE secondary > Audio 1,Destination Port:,input,dst_udp_port,dst_udp_port,text,0,,,,,,False
Signals > CH1 > BLUE secondary > Audio 1,Destination MAC:,input,dst_mac,dst_mac,text,01:00:5e:00:01:05,,,,,,True
Signals > CH1 > BLUE secondary > Audio 1,VLAN Tag:,input,vlan_tag,vlan_tag,text,0,,,,,,False
Signals > CH1 > BLUE secondary > Audio 1,Enable Flow:,mat-checkbox,network_enable,network_enable,,false,,,,,,False
Signals > CH1 > BLUE secondary > Audio 1,RTP Payload:,input,rtp_pt,rtp_pt,text,97,,,,,,False
Signals > CH1 > BLUE secondary > Audio 1,IGMP SRC IP:,input,igmp_src_ip,igmp_src_ip,text,0.0.0.0,,,,,,False
Signals > CH1 > BLUE secondary > Audio 1,Name:,input,name,name,text,rx ch1 flow 1 sec,,,,24,,False
Signals > CH1 > BLUE secondary > Audio 1,Tags:,input,tags,tags,text,rx ;,,,,,,False
Signals > CH1 > BLUE secondary > Audio 1,Label:,input,label,label,text,F:  0- 1- 1,,,,14,,False
Signals > CH1 > BLUE secondary > Audio 1,Use Name entry to set Label,mat-checkbox,mat-checkbox-56,,,false,,,,,,False
Signals > CH1 > BLUE secondary > Audio 1,Nbr of SDI channels:,input,aud_chan_cnt,aud_chan_cnt,number,2,,0,16,,,False
Signals > CH1 > BLUE secondary > Audio 1,Audio Format:,select,aud-format,aud_format,,Uncompressed,dash-30=Uncompressed | dash-31=Compressed,,,,,False
Signals > CH1 > BLUE secondary > Audio 1,Packet Time:,select,aud_ptime_idx,packetTime,,1 ms,0=1 ms | 1=125 μs | 2=250 μs | 3=333 μs | 5=500 μs,,,,,False
Signals > CH1 > BLUE secondary > Audio 1,Source IP:,mat-checkbox,pkt_filter_src_ip,pkt_filter_src_ip,,false,,,,,,False
Signals > CH1 > BLUE secondary > Audio 1,Source UDP Port:,mat-checkbox,pkt_filter_src_udp,pkt_filter_src_udp,,false,,,,,,False
Signals > CH1 > BLUE secondary > Audio 1,Source MAC:,mat-checkbox,pkt_filter_src_mac,pkt_filter_src_mac,,false,,,,,,False
Signals > CH1 > BLUE secondary > Audio 1,Destination IP:,mat-checkbox,pkt_filter_dst_ip,pkt_filter_dst_ip,,true,,,,,,False
Signals > CH1 > BLUE secondary > Audio 1,Destination UDP Port:,mat-checkbox,pkt_filter_dst_udp,pkt_filter_dst_udp,,false,,,,,,False
Signals > CH1 > BLUE secondary > Audio 1,Destination MAC:,mat-checkbox,pkt_filter_dst_mac,pkt_filter_dst_mac,,false,,,,,,False
Signals > CH1 > BLUE secondary > Audio 1,VLAN:,mat-checkbox,pkt_filter_vlan,pkt_filter_vlan,,false,,,,,,False
Signals > CH1 > BLUE secondary > Audio 2,Source IP:,input,src_ip_addr,src_ip_addr,text,0.0.0.0,,,,,,False
Signals > CH1 > BLUE secondary > Audio 2,Source Port:,input,src_udp_port,src_udp_port,text,0,,,,,,False
Signals > CH1 > BLUE secondary > Audio 2,Destination IP:,input,dst_ip_addr,dst_ip_addr,text,0.0.0.0,,,,,,False
Signals > CH1 > BLUE secondary > Audio 2,Destination Port:,input,dst_udp_port,dst_udp_port,text,0,,,,,,False
Signals > CH1 > BLUE secondary > Audio 2,Destination MAC:,input,dst_mac,dst_mac,text,01:00:5e:00:01:07,,,,,,True
Signals > CH1 > BLUE secondary > Audio 2,VLAN Tag:,input,vlan_tag,vlan_tag,text,0,,,,,,False
Signals > CH1 > BLUE secondary > Audio 2,Enable Flow:,mat-checkbox,network_enable,network_enable,,false,,,,,,False
Signals > CH1 > BLUE secondary > Audio 2,RTP Payload:,input,rtp_pt,rtp_pt,text,97,,,,,,False
Signals > CH1 > BLUE secondary > Audio 2,IGMP SRC IP:,input,igmp_src_ip,igmp_src_ip,text,0.0.0.0,,,,,,False
Signals > CH1 > BLUE secondary > Audio 2,Name:,input,name,name,text,rx ch1 flow 2 sec,,,,24,,False
Signals > CH1 > BLUE secondary > Audio 2,Tags:,input,tags,tags,text,rx ;,,,,,,False
Signals > CH1 > BLUE secondary > Audio 2,Label:,input,label,label,text,F:  0- 2- 1,,,,14,,False
Signals > CH1 > BLUE secondary > Audio 2,Use Name entry to set Label,mat-checkbox,mat-checkbox-56,,,false,,,,,,False
Signals > CH1 > BLUE secondary > Audio 2,Nbr of SDI channels:,input,aud_chan_cnt,aud_chan_cnt,number,2,,0,16,,,False
Signals > CH1 > BLUE secondary > Audio 2,Audio Format:,select,aud-format,aud_format,,Uncompressed,dash-30=Uncompressed | dash-31=Compressed,,,,,False
Signals > CH1 > BLUE secondary > Audio 2,Packet Time:,select,aud_ptime_idx,packetTime,,1 ms,0=1 ms | 1=125 μs | 2=250 μs | 3=333 μs | 5=500 μs,,,,,False
Signals > CH1 > BLUE secondary > Audio 2,Source IP:,mat-checkbox,pkt_filter_src_ip,pkt_filter_src_ip,,false,,,,,,False
Signals > CH1 > BLUE secondary > Audio 2,Source UDP Port:,mat-checkbox,pkt_filter_src_udp,pkt_filter_src_udp,,false,,,,,,False
Signals > CH1 > BLUE secondary > Audio 2,Source MAC:,mat-checkbox,pkt_filter_src_mac,pkt_filter_src_mac,,false,,,,,,False
Signals > CH1 > BLUE secondary > Audio 2,Destination IP:,mat-checkbox,pkt_filter_dst_ip,pkt_filter_dst_ip,,true,,,,,,False
Signals > CH1 > BLUE secondary > Audio 2,Destination UDP Port:,mat-checkbox,pkt_filter_dst_udp,pkt_filter_dst_udp,,false,,,,,,False
Signals > CH1 > BLUE secondary > Audio 2,Destination MAC:,mat-checkbox,pkt_filter_dst_mac,pkt_filter_dst_mac,,false,,,,,,False
Signals > CH1 > BLUE secondary > Audio 2,VLAN:,mat-checkbox,pkt_filter_vlan,pkt_filter_vlan,,false,,,,,,False
Signals > CH1 > BLUE secondary > Audio 3,Source IP:,input,src_ip_addr,src_ip_addr,text,0.0.0.0,,,,,,False
Signals > CH1 > BLUE secondary > Audio 3,Source Port:,input,src_udp_port,src_udp_port,text,0,,,,,,False
Signals > CH1 > BLUE secondary > Audio 3,Destination IP:,input,dst_ip_addr,dst_ip_addr,text,0.0.0.0,,,,,,False
Signals > CH1 > BLUE secondary > Audio 3,Destination Port:,input,dst_udp_port,dst_udp_port,text,0,,,,,,False
Signals > CH1 > BLUE secondary > Audio 3,Destination MAC:,input,dst_mac,dst_mac,text,01:00:5e:00:01:09,,,,,,True
Signals > CH1 > BLUE secondary > Audio 3,VLAN Tag:,input,vlan_tag,vlan_tag,text,0,,,,,,False
Signals > CH1 > BLUE secondary > Audio 3,Enable Flow:,mat-checkbox,network_enable,network_enable,,false,,,,,,False
Signals > CH1 > BLUE secondary > Audio 3,RTP Payload:,input,rtp_pt,rtp_pt,text,97,,,,,,False
Signals > CH1 > BLUE secondary > Audio 3,IGMP SRC IP:,input,igmp_src_ip,igmp_src_ip,text,0.0.0.0,,,,,,False
Signals > CH1 > BLUE secondary > Audio 3,Name:,input,name,name,text,rx ch1 flow 3 sec,,,,24,,False
Signals > CH1 > BLUE secondary > Audio 3,Tags:,input,tags,tags,text,rx ;,,,,,,False
Signals > CH1 > BLUE secondary > Audio 3,Label:,input,label,label,text,F:  0- 3- 1,,,,14,,False
Signals > CH1 > BLUE secondary > Audio 3,Use Name entry to set Label,mat-checkbox,mat-checkbox-56,,,false,,,,,,False
Signals > CH1 > BLUE secondary > Audio 3,Nbr of SDI channels:,input,aud_chan_cnt,aud_chan_cnt,number,2,,0,16,,,False
Signals > CH1 > BLUE secondary > Audio 3,Audio Format:,select,aud-format,aud_format,,Uncompressed,dash-30=Uncompressed | dash-31=Compressed,,,,,False
Signals > CH1 > BLUE secondary > Audio 3,Packet Time:,select,aud_ptime_idx,packetTime,,1 ms,0=1 ms | 1=125 μs | 2=250 μs | 3=333 μs | 5=500 μs,,,,,False
Signals > CH1 > BLUE secondary > Audio 3,Source IP:,mat-checkbox,pkt_filter_src_ip,pkt_filter_src_ip,,false,,,,,,False
Signals > CH1 > BLUE secondary > Audio 3,Source UDP Port:,mat-checkbox,pkt_filter_src_udp,pkt_filter_src_udp,,false,,,,,,False
Signals > CH1 > BLUE secondary > Audio 3,Source MAC:,mat-checkbox,pkt_filter_src_mac,pkt_filter_src_mac,,false,,,,,,False
Signals > CH1 > BLUE secondary > Audio 3,Destination IP:,mat-checkbox,pkt_filter_dst_ip,pkt_filter_dst_ip,,true,,,,,,False
Signals > CH1 > BLUE secondary > Audio 3,Destination UDP Port:,mat-checkbox,pkt_filter_dst_udp,pkt_filter_dst_udp,,false,,,,,,False
Signals > CH1 > BLUE secondary > Audio 3,Destination MAC:,mat-checkbox,pkt_filter_dst_mac,pkt_filter_dst_mac,,false,,,,,,False
Signals > CH1 > BLUE secondary > Audio 3,VLAN:,mat-checkbox,pkt_filter_vlan,pkt_filter_vlan,,false,,,,,,False
Signals > CH1 > BLUE secondary > Audio 4,Source IP:,input,src_ip_addr,src_ip_addr,text,0.0.0.0,,,,,,False
Signals > CH1 > BLUE secondary > Audio 4,Source Port:,input,src_udp_port,src_udp_port,text,0,,,,,,False
Signals > CH1 > BLUE secondary > Audio 4,Destination IP:,input,dst_ip_addr,dst_ip_addr,text,0.0.0.0,,,,,,False
Signals > CH1 > BLUE secondary > Audio 4,Destination Port:,input,dst_udp_port,dst_udp_port,text,0,,,,,,False
Signals > CH1 > BLUE secondary > Audio 4,Destination MAC:,input,dst_mac,dst_mac,text,01:00:5e:00:01:0b,,,,,,True
Signals > CH1 > BLUE secondary > Audio 4,VLAN Tag:,input,vlan_tag,vlan_tag,text,0,,,,,,False
Signals > CH1 > BLUE secondary > Audio 4,Enable Flow:,mat-checkbox,network_enable,network_enable,,false,,,,,,False
Signals > CH1 > BLUE secondary > Audio 4,RTP Payload:,input,rtp_pt,rtp_pt,text,97,,,,,,False
Signals > CH1 > BLUE secondary > Audio 4,IGMP SRC IP:,input,igmp_src_ip,igmp_src_ip,text,0.0.0.0,,,,,,False
Signals > CH1 > BLUE secondary > Audio 4,Name:,input,name,name,text,rx ch1 flow 4 sec,,,,24,,False
Signals > CH1 > BLUE secondary > Audio 4,Tags:,input,tags,tags,text,rx ;,,,,,,False
Signals > CH1 > BLUE secondary > Audio 4,Label:,input,label,label,text,F:  0- 4- 1,,,,14,,False
Signals > CH1 > BLUE secondary > Audio 4,Use Name entry to set Label,mat-checkbox,mat-checkbox-56,,,false,,,,,,False
Signals > CH1 > BLUE secondary > Audio 4,Nbr of SDI channels:,input,aud_chan_cnt,aud_chan_cnt,number,2,,0,16,,,False
Signals > CH1 > BLUE secondary > Audio 4,Audio Format:,select,aud-format,aud_format,,Uncompressed,dash-30=Uncompressed | dash-31=Compressed,,,,,False
Signals > CH1 > BLUE secondary > Audio 4,Packet Time:,select,aud_ptime_idx,packetTime,,1 ms,0=1 ms | 1=125 μs | 2=250 μs | 3=333 μs | 5=500 μs,,,,,False
Signals > CH1 > BLUE secondary > Audio 4,Source IP:,mat-checkbox,pkt_filter_src_ip,pkt_filter_src_ip,,false,,,,,,False
Signals > CH1 > BLUE secondary > Audio 4,Source UDP Port:,mat-checkbox,pkt_filter_src_udp,pkt_filter_src_udp,,false,,,,,,False
Signals > CH1 > BLUE secondary > Audio 4,Source MAC:,mat-checkbox,pkt_filter_src_mac,pkt_filter_src_mac,,false,,,,,,False
Signals > CH1 > BLUE secondary > Audio 4,Destination IP:,mat-checkbox,pkt_filter_dst_ip,pkt_filter_dst_ip,,true,,,,,,False
Signals > CH1 > BLUE secondary > Audio 4,Destination UDP Port:,mat-checkbox,pkt_filter_dst_udp,pkt_filter_dst_udp,,false,,,,,,False
Signals > CH1 > BLUE secondary > Audio 4,Destination MAC:,mat-checkbox,pkt_filter_dst_mac,pkt_filter_dst_mac,,false,,,,,,False
Signals > CH1 > BLUE secondary > Audio 4,VLAN:,mat-checkbox,pkt_filter_vlan,pkt_filter_vlan,,false,,,,,,False
Signals > CH1 > BLUE secondary > Ancillary,Source IP:,input,src_ip_addr,src_ip_addr,text,0.0.0.0,,,,,,False
Signals > CH1 > BLUE secondary > Ancillary,Source Port:,input,src_udp_port,src_udp_port,text,0,,,,,,False
Signals > CH1 > BLUE secondary > Ancillary,Destination IP:,input,dst_ip_addr,dst_ip_addr,text,0.0.0.0,,,,,,False
Signals > CH1 > BLUE secondary > Ancillary,Destination Port:,input,dst_udp_port,dst_udp_port,text,0,,,,,,False
Signals > CH1 > BLUE secondary > Ancillary,Destination MAC:,input,dst_mac,dst_mac,text,01:00:5e:00:01:15,,,,,,True
Signals > CH1 > BLUE secondary > Ancillary,VLAN Tag:,input,vlan_tag,vlan_tag,text,0,,,,,,False
Signals > CH1 > BLUE secondary > Ancillary,Enable Flow:,mat-checkbox,network_enable,network_enable,,false,,,,,,False
Signals > CH1 > BLUE secondary > Ancillary,RTP Payload:,input,rtp_pt,rtp_pt,text,100,,,,,,False
Signals > CH1 > BLUE secondary > Ancillary,IGMP SRC IP:,input,igmp_src_ip,igmp_src_ip,text,0.0.0.0,,,,,,False
Signals > CH1 > BLUE secondary > Ancillary,Name:,input,name,name,text,rx ch1 flow 5 sec,,,,24,,False
Signals > CH1 > BLUE secondary > Ancillary,Tags:,input,tags,tags,text,rx ;,,,,,,False
Signals > CH1 > BLUE secondary > Ancillary,Label:,input,label,label,text,F:  0- 5- 1,,,,14,,False
Signals > CH1 > BLUE secondary > Ancillary,Use Name entry to set Label,mat-checkbox,mat-checkbox-56,,,false,,,,,,False
Signals > CH1 > BLUE secondary > Ancillary,Source IP:,mat-checkbox,pkt_filter_src_ip,pkt_filter_src_ip,,false,,,,,,False
Signals > CH1 > BLUE secondary > Ancillary,Source UDP Port:,mat-checkbox,pkt_filter_src_udp,pkt_filter_src_udp,,false,,,,,,False
Signals > CH1 > BLUE secondary > Ancillary,Source MAC:,mat-checkbox,pkt_filter_src_mac,pkt_filter_src_mac,,false,,,,,,False
Signals > CH1 > BLUE secondary > Ancillary,Destination IP:,mat-checkbox,pkt_filter_dst_ip,pkt_filter_dst_ip,,true,,,,,,False
Signals > CH1 > BLUE secondary > Ancillary,Destination UDP Port:,mat-checkbox,pkt_filter_dst_udp,pkt_filter_dst_udp,,false,,,,,,False
Signals > CH1 > BLUE secondary > Ancillary,Destination MAC:,mat-checkbox,pkt_filter_dst_mac,pkt_filter_dst_mac,,false,,,,,,False
Signals > CH1 > BLUE secondary > Ancillary,VLAN:,mat-checkbox,pkt_filter_vlan,pkt_filter_vlan,,false,,,,,,False
Signals > CH2 > RED primary > Video,Single/Quad-link:,select,cdis,cdis,,Single,single=Single | 2si=Interleaved | sqdiv=Square Division,,,,,False
Signals > CH2 > RED primary > Video,Video Format:,select,video_format,video_format,,1080p50,1080p50 | 720p50 | 720p59.94 | 720p60 | 720p23.98 | 720p24 | 720p25 | 720p29.97 | 720p30 | 1080p23.98 | 1080psf23.98 | 1080p24 | 1080psf24 | 1080p25 | 1080psf25 | 1080p29.97 | 1080psf29.97 | 1080p30 | 1080psf30 | 1080i47.95 | 1080i48 | 1080i50 | 1080i59.94 | 1080i60 | 1080p59.94 | 1080p60 | 2048x1080p23.98 | 2048x1080p24 | 2048x1080p25 | 2048x1080p29.97 | 2048x1080p30 | 2048x1080p47.95 | 2048x1080p48 | 2048x1080p50 | 2048x1080p59.94 | 2048x1080p60 | 3840x2160p23.98 | 3840x2160p24 | 3840x2160p25 | 3840x2160p29.97 | 3840x2160p30 | 4096x2160p23.98 | 4096x2160p24 | 4096x2160p25 | 4096x2160p29.97 | 4096x2160p30 | 4096x2160p47.95 | 4096x2160p48 | 3840x2160p50 | 3840x2160p59.94 | 3840x2160p60 | 4096x2160p50 | 4096x2160p59.94 | 4096x2160p60,,,,,False
Signals > CH2 > RED primary > Video,Sampling:,mat-radio-group,,sampling,,4:2:2,4:2:2 | 4:4:4,,,,,False
Signals > CH2 > RED primary > Video,Bit Depth:,mat-radio-group,,bit_depth,,10 bits,10 bits | 12 bits,,,,,False
Signals > CH2 > RED primary > Video,Color Space:,mat-radio-group,,colorSpace,,YCbCr,YCbCr | RGB,,,,,False
Signals > CH2 > RED primary > Video,Colorimetry:,select,flow-colorimetry,colorimetry,,BT709,BT709 | BT2020 | BT2100,,,,,False
Signals > CH2 > RED primary > Video,Transfer Characteristics:,select,flow-tranfer_characteristics,tranferCharacteristics,,SDR,SDR | HLG | PQ,,,,,False
Signals > CH2 > RED primary > Video,Source IP:,input,src_ip_addr,src_ip_addr,text,10.6.40.50,,,,,,False
Signals > CH2 > RED primary > Video,Source Port:,input,src_udp_port,src_udp_port,text,0,,,,,,False
Signals > CH2 > RED primary > Video,Destination IP:,input,dst_ip_addr,dst_ip_addr,text,239.1.0.4,,,,,,False
Signals > CH2 > RED primary > Video,Destination Port:,input,dst_udp_port,dst_udp_port,text,20000,,,,,,False
Signals > CH2 > RED primary > Video,Destination MAC:,input,dst_mac,dst_mac,text,01:00:5e:01:00:04,,,,,,True
Signals > CH2 > RED primary > Video,VLAN Tag:,input,vlan_tag,vlan_tag,text,0,,,,,,False
Signals > CH2 > RED primary > Video,Enable Flow:,mat-checkbox,network_enable,network_enable,,true,,,,,,False
Signals > CH2 > RED primary > Video,RTP Payload:,input,rtp_pt,rtp_pt,text,96,,,,,,False
Signals > CH2 > RED primary > Video,IGMP SRC IP:,input,igmp_src_ip,igmp_src_ip,text,0.0.0.0,,,,,,False
Signals > CH2 > RED primary > Video,Sender Type:,select,sender_type,senderType,,Narrow,0=Narrow | 1=Wide,,,,,False
Signals > CH2 > RED primary > Video,Name:,input,name,name,text,rx ch2 flow 0 pri,,,,24,,False
Signals > CH2 > RED primary > Video,Tags:,input,tags,tags,text,rx;,,,,,,False
Signals > CH2 > RED primary > Video,Label:,input,label,label,text,F:  1- 0- 0,,,,14,,False
Signals > CH2 > RED primary > Video,Use Name entry to set Label,mat-checkbox,mat-checkbox-56,,,false,,,,,,False
Signals > CH2 > RED primary > Video,Source IP:,mat-checkbox,pkt_filter_src_ip,pkt_filter_src_ip,,true,,,,,,False
Signals > CH2 > RED primary > Video,Source UDP Port:,mat-checkbox,pkt_filter_src_udp,pkt_filter_src_udp,,false,,,,,,False
Signals > CH2 > RED primary > Video,Source MAC:,mat-checkbox,pkt_filter_src_mac,pkt_filter_src_mac,,false,,,,,,False
Signals > CH2 > RED primary > Video,Destination IP:,mat-checkbox,pkt_filter_dst_ip,pkt_filter_dst_ip,,true,,,,,,False
Signals > CH2 > RED primary > Video,Destination UDP Port:,mat-checkbox,pkt_filter_dst_udp,pkt_filter_dst_udp,,true,,,,,,False
Signals > CH2 > RED primary > Video,Destination MAC:,mat-checkbox,pkt_filter_dst_mac,pkt_filter_dst_mac,,false,,,,,,False
Signals > CH2 > RED primary > Video,VLAN:,mat-checkbox,pkt_filter_vlan,pkt_filter_vlan,,false,,,,,,False
Signals > CH2 > RED primary > Audio 1,Source IP:,input,src_ip_addr,src_ip_addr,text,0.0.0.0,,,,,,False
Signals > CH2 > RED primary > Audio 1,Source Port:,input,src_udp_port,src_udp_port,text,0,,,,,,False
Signals > CH2 > RED primary > Audio 1,Destination IP:,input,dst_ip_addr,dst_ip_addr,text,0.0.0.0,,,,,,False
Signals > CH2 > RED primary > Audio 1,Destination Port:,input,dst_udp_port,dst_udp_port,text,0,,,,,,False
Signals > CH2 > RED primary > Audio 1,Destination MAC:,input,dst_mac,dst_mac,text,01:00:5e:01:01:04,,,,,,True
Signals > CH2 > RED primary > Audio 1,VLAN Tag:,input,vlan_tag,vlan_tag,text,0,,,,,,False
Signals > CH2 > RED primary > Audio 1,Enable Flow:,mat-checkbox,network_enable,network_enable,,false,,,,,,False
Signals > CH2 > RED primary > Audio 1,RTP Payload:,input,rtp_pt,rtp_pt,text,97,,,,,,False
Signals > CH2 > RED primary > Audio 1,IGMP SRC IP:,input,igmp_src_ip,igmp_src_ip,text,0.0.0.0,,,,,,False
Signals > CH2 > RED primary > Audio 1,Name:,input,name,name,text,rx ch2 flow 1 pri,,,,24,,False
Signals > CH2 > RED primary > Audio 1,Tags:,input,tags,tags,text,rx ;,,,,,,False
Signals > CH2 > RED primary > Audio 1,Label:,input,label,label,text,F:  1- 1- 0,,,,14,,False
Signals > CH2 > RED primary > Audio 1,Use Name entry to set Label,mat-checkbox,mat-checkbox-56,,,false,,,,,,False
Signals > CH2 > RED primary > Audio 1,Nbr of SDI channels:,input,aud_chan_cnt,aud_chan_cnt,number,2,,0,16,,,False
Signals > CH2 > RED primary > Audio 1,Audio Format:,select,aud-format,aud_format,,Uncompressed,dash-30=Uncompressed | dash-31=Compressed,,,,,False
Signals > CH2 > RED primary > Audio 1,Packet Time:,select,aud_ptime_idx,packetTime,,1 ms,0=1 ms | 1=125 μs | 2=250 μs | 3=333 μs | 5=500 μs,,,,,False
Signals > CH2 > RED primary > Audio 1,Source IP:,mat-checkbox,pkt_filter_src_ip,pkt_filter_src_ip,,false,,,,,,False
Signals > CH2 > RED primary > Audio 1,Source UDP Port:,mat-checkbox,pkt_filter_src_udp,pkt_filter_src_udp,,false,,,,,,False
Signals > CH2 > RED primary > Audio 1,Source MAC:,mat-checkbox,pkt_filter_src_mac,pkt_filter_src_mac,,false,,,,,,False
Signals > CH2 > RED primary > Audio 1,Destination IP:,mat-checkbox,pkt_filter_dst_ip,pkt_filter_dst_ip,,true,,,,,,False
Signals > CH2 > RED primary > Audio 1,Destination UDP Port:,mat-checkbox,pkt_filter_dst_udp,pkt_filter_dst_udp,,false,,,,,,False
Signals > CH2 > RED primary > Audio 1,Destination MAC:,mat-checkbox,pkt_filter_dst_mac,pkt_filter_dst_mac,,false,,,,,,False
Signals > CH2 > RED primary > Audio 1,VLAN:,mat-checkbox,pkt_filter_vlan,pkt_filter_vlan,,false,,,,,,False
Signals > CH2 > RED primary > Audio 2,Source IP:,input,src_ip_addr,src_ip_addr,text,0.0.0.0,,,,,,False
Signals > CH2 > RED primary > Audio 2,Source Port:,input,src_udp_port,src_udp_port,text,0,,,,,,False
Signals > CH2 > RED primary > Audio 2,Destination IP:,input,dst_ip_addr,dst_ip_addr,text,0.0.0.0,,,,,,False
Signals > CH2 > RED primary > Audio 2,Destination Port:,input,dst_udp_port,dst_udp_port,text,0,,,,,,False
Signals > CH2 > RED primary > Audio 2,Destination MAC:,input,dst_mac,dst_mac,text,01:00:5e:01:01:06,,,,,,True
Signals > CH2 > RED primary > Audio 2,VLAN Tag:,input,vlan_tag,vlan_tag,text,0,,,,,,False
Signals > CH2 > RED primary > Audio 2,Enable Flow:,mat-checkbox,network_enable,network_enable,,false,,,,,,False
Signals > CH2 > RED primary > Audio 2,RTP Payload:,input,rtp_pt,rtp_pt,text,97,,,,,,False
Signals > CH2 > RED primary > Audio 2,IGMP SRC IP:,input,igmp_src_ip,igmp_src_ip,text,0.0.0.0,,,,,,False
Signals > CH2 > RED primary > Audio 2,Name:,input,name,name,text,rx ch2 flow 2 pri,,,,24,,False
Signals > CH2 > RED primary > Audio 2,Tags:,input,tags,tags,text,rx ;,,,,,,False
Signals > CH2 > RED primary > Audio 2,Label:,input,label,label,text,F:  1- 2- 0,,,,14,,False
Signals > CH2 > RED primary > Audio 2,Use Name entry to set Label,mat-checkbox,mat-checkbox-56,,,false,,,,,,False
Signals > CH2 > RED primary > Audio 2,Nbr of SDI channels:,input,aud_chan_cnt,aud_chan_cnt,number,2,,0,16,,,False
Signals > CH2 > RED primary > Audio 2,Audio Format:,select,aud-format,aud_format,,Uncompressed,dash-30=Uncompressed | dash-31=Compressed,,,,,False
Signals > CH2 > RED primary > Audio 2,Packet Time:,select,aud_ptime_idx,packetTime,,1 ms,0=1 ms | 1=125 μs | 2=250 μs | 3=333 μs | 5=500 μs,,,,,False
Signals > CH2 > RED primary > Audio 2,Source IP:,mat-checkbox,pkt_filter_src_ip,pkt_filter_src_ip,,false,,,,,,False
Signals > CH2 > RED primary > Audio 2,Source UDP Port:,mat-checkbox,pkt_filter_src_udp,pkt_filter_src_udp,,false,,,,,,False
Signals > CH2 > RED primary > Audio 2,Source MAC:,mat-checkbox,pkt_filter_src_mac,pkt_filter_src_mac,,false,,,,,,False
Signals > CH2 > RED primary > Audio 2,Destination IP:,mat-checkbox,pkt_filter_dst_ip,pkt_filter_dst_ip,,true,,,,,,False
Signals > CH2 > RED primary > Audio 2,Destination UDP Port:,mat-checkbox,pkt_filter_dst_udp,pkt_filter_dst_udp,,false,,,,,,False
Signals > CH2 > RED primary > Audio 2,Destination MAC:,mat-checkbox,pkt_filter_dst_mac,pkt_filter_dst_mac,,false,,,,,,False
Signals > CH2 > RED primary > Audio 2,VLAN:,mat-checkbox,pkt_filter_vlan,pkt_filter_vlan,,false,,,,,,False
Signals > CH2 > RED primary > Audio 3,Source IP:,input,src_ip_addr,src_ip_addr,text,0.0.0.0,,,,,,False
Signals > CH2 > RED primary > Audio 3,Source Port:,input,src_udp_port,src_udp_port,text,0,,,,,,False
Signals > CH2 > RED primary > Audio 3,Destination IP:,input,dst_ip_addr,dst_ip_addr,text,0.0.0.0,,,,,,False
Signals > CH2 > RED primary > Audio 3,Destination Port:,input,dst_udp_port,dst_udp_port,text,0,,,,,,False
Signals > CH2 > RED primary > Audio 3,Destination MAC:,input,dst_mac,dst_mac,text,01:00:5e:01:01:08,,,,,,True
Signals > CH2 > RED primary > Audio 3,VLAN Tag:,input,vlan_tag,vlan_tag,text,0,,,,,,False
Signals > CH2 > RED primary > Audio 3,Enable Flow:,mat-checkbox,network_enable,network_enable,,false,,,,,,False
Signals > CH2 > RED primary > Audio 3,RTP Payload:,input,rtp_pt,rtp_pt,text,97,,,,,,False
Signals > CH2 > RED primary > Audio 3,IGMP SRC IP:,input,igmp_src_ip,igmp_src_ip,text,0.0.0.0,,,,,,False
Signals > CH2 > RED primary > Audio 3,Name:,input,name,name,text,rx ch2 flow 3 pri,,,,24,,False
Signals > CH2 > RED primary > Audio 3,Tags:,input,tags,tags,text,rx ;,,,,,,False
Signals > CH2 > RED primary > Audio 3,Label:,input,label,label,text,F:  1- 3- 0,,,,14,,False
Signals > CH2 > RED primary > Audio 3,Use Name entry to set Label,mat-checkbox,mat-checkbox-56,,,false,,,,,,False
Signals > CH2 > RED primary > Audio 3,Nbr of SDI channels:,input,aud_chan_cnt,aud_chan_cnt,number,2,,0,16,,,False
Signals > CH2 > RED primary > Audio 3,Audio Format:,select,aud-format,aud_format,,Uncompressed,dash-30=Uncompressed | dash-31=Compressed,,,,,False
Signals > CH2 > RED primary > Audio 3,Packet Time:,select,aud_ptime_idx,packetTime,,1 ms,0=1 ms | 1=125 μs | 2=250 μs | 3=333 μs | 5=500 μs,,,,,False
Signals > CH2 > RED primary > Audio 3,Source IP:,mat-checkbox,pkt_filter_src_ip,pkt_filter_src_ip,,false,,,,,,False
Signals > CH2 > RED primary > Audio 3,Source UDP Port:,mat-checkbox,pkt_filter_src_udp,pkt_filter_src_udp,,false,,,,,,False
Signals > CH2 > RED primary > Audio 3,Source MAC:,mat-checkbox,pkt_filter_src_mac,pkt_filter_src_mac,,false,,,,,,False
Signals > CH2 > RED primary > Audio 3,Destination IP:,mat-checkbox,pkt_filter_dst_ip,pkt_filter_dst_ip,,true,,,,,,False
Signals > CH2 > RED primary > Audio 3,Destination UDP Port:,mat-checkbox,pkt_filter_dst_udp,pkt_filter_dst_udp,,false,,,,,,False
Signals > CH2 > RED primary > Audio 3,Destination MAC:,mat-checkbox,pkt_filter_dst_mac,pkt_filter_dst_mac,,false,,,,,,False
Signals > CH2 > RED primary > Audio 3,VLAN:,mat-checkbox,pkt_filter_vlan,pkt_filter_vlan,,false,,,,,,False
Signals > CH2 > RED primary > Audio 4,Source IP:,input,src_ip_addr,src_ip_addr,text,0.0.0.0,,,,,,False
Signals > CH2 > RED primary > Audio 4,Source Port:,input,src_udp_port,src_udp_port,text,0,,,,,,False
Signals > CH2 > RED primary > Audio 4,Destination IP:,input,dst_ip_addr,dst_ip_addr,text,0.0.0.0,,,,,,False
Signals > CH2 > RED primary > Audio 4,Destination Port:,input,dst_udp_port,dst_udp_port,text,0,,,,,,False
Signals > CH2 > RED primary > Audio 4,Destination MAC:,input,dst_mac,dst_mac,text,01:00:5e:01:01:0a,,,,,,True
Signals > CH2 > RED primary > Audio 4,VLAN Tag:,input,vlan_tag,vlan_tag,text,0,,,,,,False
Signals > CH2 > RED primary > Audio 4,Enable Flow:,mat-checkbox,network_enable,network_enable,,false,,,,,,False
Signals > CH2 > RED primary > Audio 4,RTP Payload:,input,rtp_pt,rtp_pt,text,97,,,,,,False
Signals > CH2 > RED primary > Audio 4,IGMP SRC IP:,input,igmp_src_ip,igmp_src_ip,text,0.0.0.0,,,,,,False
Signals > CH2 > RED primary > Audio 4,Name:,input,name,name,text,rx ch2 flow 4 pri,,,,24,,False
Signals > CH2 > RED primary > Audio 4,Tags:,input,tags,tags,text,rx ;,,,,,,False
Signals > CH2 > RED primary > Audio 4,Label:,input,label,label,text,F:  1- 4- 0,,,,14,,False
Signals > CH2 > RED primary > Audio 4,Use Name entry to set Label,mat-checkbox,mat-checkbox-56,,,false,,,,,,False
Signals > CH2 > RED primary > Audio 4,Nbr of SDI channels:,input,aud_chan_cnt,aud_chan_cnt,number,2,,0,16,,,False
Signals > CH2 > RED primary > Audio 4,Audio Format:,select,aud-format,aud_format,,Uncompressed,dash-30=Uncompressed | dash-31=Compressed,,,,,False
Signals > CH2 > RED primary > Audio 4,Packet Time:,select,aud_ptime_idx,packetTime,,1 ms,0=1 ms | 1=125 μs | 2=250 μs | 3=333 μs | 5=500 μs,,,,,False
Signals > CH2 > RED primary > Audio 4,Source IP:,mat-checkbox,pkt_filter_src_ip,pkt_filter_src_ip,,false,,,,,,False
Signals > CH2 > RED primary > Audio 4,Source UDP Port:,mat-checkbox,pkt_filter_src_udp,pkt_filter_src_udp,,false,,,,,,False
Signals > CH2 > RED primary > Audio 4,Source MAC:,mat-checkbox,pkt_filter_src_mac,pkt_filter_src_mac,,false,,,,,,False
Signals > CH2 > RED primary > Audio 4,Destination IP:,mat-checkbox,pkt_filter_dst_ip,pkt_filter_dst_ip,,true,,,,,,False
Signals > CH2 > RED primary > Audio 4,Destination UDP Port:,mat-checkbox,pkt_filter_dst_udp,pkt_filter_dst_udp,,false,,,,,,False
Signals > CH2 > RED primary > Audio 4,Destination MAC:,mat-checkbox,pkt_filter_dst_mac,pkt_filter_dst_mac,,false,,,,,,False
Signals > CH2 > RED primary > Audio 4,VLAN:,mat-checkbox,pkt_filter_vlan,pkt_filter_vlan,,false,,,,,,False
Signals > CH2 > RED primary > Ancillary,Source IP:,input,src_ip_addr,src_ip_addr,text,0.0.0.0,,,,,,False
Signals > CH2 > RED primary > Ancillary,Source Port:,input,src_udp_port,src_udp_port,text,0,,,,,,False
Signals > CH2 > RED primary > Ancillary,Destination IP:,input,dst_ip_addr,dst_ip_addr,text,0.0.0.0,,,,,,False
Signals > CH2 > RED primary > Ancillary,Destination Port:,input,dst_udp_port,dst_udp_port,text,0,,,,,,False
Signals > CH2 > RED primary > Ancillary,Destination MAC:,input,dst_mac,dst_mac,text,01:00:5e:01:01:14,,,,,,True
Signals > CH2 > RED primary > Ancillary,VLAN Tag:,input,vlan_tag,vlan_tag,text,0,,,,,,False
Signals > CH2 > RED primary > Ancillary,Enable Flow:,mat-checkbox,network_enable,network_enable,,false,,,,,,False
Signals > CH2 > RED primary > Ancillary,RTP Payload:,input,rtp_pt,rtp_pt,text,100,,,,,,False
Signals > CH2 > RED primary > Ancillary,IGMP SRC IP:,input,igmp_src_ip,igmp_src_ip,text,0.0.0.0,,,,,,False
Signals > CH2 > RED primary > Ancillary,Name:,input,name,name,text,rx ch2 flow 5 pri,,,,24,,False
Signals > CH2 > RED primary > Ancillary,Tags:,input,tags,tags,text,rx ;,,,,,,False
Signals > CH2 > RED primary > Ancillary,Label:,input,label,label,text,F:  1- 5- 0,,,,14,,False
Signals > CH2 > RED primary > Ancillary,Use Name entry to set Label,mat-checkbox,mat-checkbox-56,,,false,,,,,,False
Signals > CH2 > RED primary > Ancillary,Source IP:,mat-checkbox,pkt_filter_src_ip,pkt_filter_src_ip,,false,,,,,,False
Signals > CH2 > RED primary > Ancillary,Source UDP Port:,mat-checkbox,pkt_filter_src_udp,pkt_filter_src_udp,,false,,,,,,False
Signals > CH2 > RED primary > Ancillary,Source MAC:,mat-checkbox,pkt_filter_src_mac,pkt_filter_src_mac,,false,,,,,,False
Signals > CH2 > RED primary > Ancillary,Destination IP:,mat-checkbox,pkt_filter_dst_ip,pkt_filter_dst_ip,,true,,,,,,False
Signals > CH2 > RED primary > Ancillary,Destination UDP Port:,mat-checkbox,pkt_filter_dst_udp,pkt_filter_dst_udp,,false,,,,,,False
Signals > CH2 > RED primary > Ancillary,Destination MAC:,mat-checkbox,pkt_filter_dst_mac,pkt_filter_dst_mac,,false,,,,,,False
Signals > CH2 > RED primary > Ancillary,VLAN:,mat-checkbox,pkt_filter_vlan,pkt_filter_vlan,,false,,,,,,False
Signals > CH2 > BLUE secondary > Video,Single/Quad-link:,select,cdis,cdis,,Single,single=Single | 2si=Interleaved | sqdiv=Square Division,,,,,False
Signals > CH2 > BLUE secondary > Video,Video Format:,select,video_format,video_format,,1080p50,1080p50 | 720p50 | 720p59.94 | 720p60 | 720p23.98 | 720p24 | 720p25 | 720p29.97 | 720p30 | 1080p23.98 | 1080psf23.98 | 1080p24 | 1080psf24 | 1080p25 | 1080psf25 | 1080p29.97 | 1080psf29.97 | 1080p30 | 1080psf30 | 1080i47.95 | 1080i48 | 1080i50 | 1080i59.94 | 1080i60 | 1080p59.94 | 1080p60 | 2048x1080p23.98 | 2048x1080p24 | 2048x1080p25 | 2048x1080p29.97 | 2048x1080p30 | 2048x1080p47.95 | 2048x1080p48 | 2048x1080p50 | 2048x1080p59.94 | 2048x1080p60 | 3840x2160p23.98 | 3840x2160p24 | 3840x2160p25 | 3840x2160p29.97 | 3840x2160p30 | 4096x2160p23.98 | 4096x2160p24 | 4096x2160p25 | 4096x2160p29.97 | 4096x2160p30 | 4096x2160p47.95 | 4096x2160p48 | 3840x2160p50 | 3840x2160p59.94 | 3840x2160p60 | 4096x2160p50 | 4096x2160p59.94 | 4096x2160p60,,,,,False
Signals > CH2 > BLUE secondary > Video,Sampling:,mat-radio-group,,sampling,,4:2:2,4:2:2 | 4:4:4,,,,,False
Signals > CH2 > BLUE secondary > Video,Bit Depth:,mat-radio-group,,bit_depth,,10 bits,10 bits | 12 bits,,,,,False
Signals > CH2 > BLUE secondary > Video,Color Space:,mat-radio-group,,colorSpace,,YCbCr,YCbCr | RGB,,,,,False
Signals > CH2 > BLUE secondary > Video,Colorimetry:,select,flow-colorimetry,colorimetry,,BT709,BT709 | BT2020 | BT2100,,,,,False
Signals > CH2 > BLUE secondary > Video,Transfer Characteristics:,select,flow-tranfer_characteristics,tranferCharacteristics,,SDR,SDR | HLG | PQ,,,,,False
Signals > CH2 > BLUE secondary > Video,Source IP:,input,src_ip_addr,src_ip_addr,text,10.7.40.50,,,,,,False
Signals > CH2 > BLUE secondary > Video,Source Port:,input,src_udp_port,src_udp_port,text,0,,,,,,False
Signals > CH2 > BLUE secondary > Video,Destination IP:,input,dst_ip_addr,dst_ip_addr,text,239.65.0.4,,,,,,False
Signals > CH2 > BLUE secondary > Video,Destination Port:,input,dst_udp_port,dst_udp_port,text,20000,,,,,,False
Signals > CH2 > BLUE secondary > Video,Destination MAC:,input,dst_mac,dst_mac,text,01:00:5e:41:00:04,,,,,,True
Signals > CH2 > BLUE secondary > Video,VLAN Tag:,input,vlan_tag,vlan_tag,text,0,,,,,,False
Signals > CH2 > BLUE secondary > Video,Enable Flow:,mat-checkbox,network_enable,network_enable,,true,,,,,,False
Signals > CH2 > BLUE secondary > Video,RTP Payload:,input,rtp_pt,rtp_pt,text,96,,,,,,False
Signals > CH2 > BLUE secondary > Video,IGMP SRC IP:,input,igmp_src_ip,igmp_src_ip,text,0.0.0.0,,,,,,False
Signals > CH2 > BLUE secondary > Video,Sender Type:,select,sender_type,senderType,,Narrow,0=Narrow | 1=Wide,,,,,False
Signals > CH2 > BLUE secondary > Video,Name:,input,name,name,text,rx ch2 flow 0 sec,,,,24,,False
Signals > CH2 > BLUE secondary > Video,Tags:,input,tags,tags,text,rx ;,,,,,,False
Signals > CH2 > BLUE secondary > Video,Label:,input,label,label,text,F:  1- 0- 1,,,,14,,False
Signals > CH2 > BLUE secondary > Video,Use Name entry to set Label,mat-checkbox,mat-checkbox-56,,,false,,,,,,False
Signals > CH2 > BLUE secondary > Video,Source IP:,mat-checkbox,pkt_filter_src_ip,pkt_filter_src_ip,,true,,,,,,False
Signals > CH2 > BLUE secondary > Video,Source UDP Port:,mat-checkbox,pkt_filter_src_udp,pkt_filter_src_udp,,false,,,,,,False
Signals > CH2 > BLUE secondary > Video,Source MAC:,mat-checkbox,pkt_filter_src_mac,pkt_filter_src_mac,,false,,,,,,False
Signals > CH2 > BLUE secondary > Video,Destination IP:,mat-checkbox,pkt_filter_dst_ip,pkt_filter_dst_ip,,true,,,,,,False
Signals > CH2 > BLUE secondary > Video,Destination UDP Port:,mat-checkbox,pkt_filter_dst_udp,pkt_filter_dst_udp,,true,,,,,,False
Signals > CH2 > BLUE secondary > Video,Destination MAC:,mat-checkbox,pkt_filter_dst_mac,pkt_filter_dst_mac,,false,,,,,,False
Signals > CH2 > BLUE secondary > Video,VLAN:,mat-checkbox,pkt_filter_vlan,pkt_filter_vlan,,false,,,,,,False
Signals > CH2 > BLUE secondary > Audio 1,Source IP:,input,src_ip_addr,src_ip_addr,text,0.0.0.0,,,,,,False
Signals > CH2 > BLUE secondary > Audio 1,Source Port:,input,src_udp_port,src_udp_port,text,0,,,,,,False
Signals > CH2 > BLUE secondary > Audio 1,Destination IP:,input,dst_ip_addr,dst_ip_addr,text,0.0.0.0,,,,,,False
Signals > CH2 > BLUE secondary > Audio 1,Destination Port:,input,dst_udp_port,dst_udp_port,text,0,,,,,,False
Signals > CH2 > BLUE secondary > Audio 1,Destination MAC:,input,dst_mac,dst_mac,text,01:00:5e:01:01:05,,,,,,True
Signals > CH2 > BLUE secondary > Audio 1,VLAN Tag:,input,vlan_tag,vlan_tag,text,0,,,,,,False
Signals > CH2 > BLUE secondary > Audio 1,Enable Flow:,mat-checkbox,network_enable,network_enable,,false,,,,,,False
Signals > CH2 > BLUE secondary > Audio 1,RTP Payload:,input,rtp_pt,rtp_pt,text,97,,,,,,False
Signals > CH2 > BLUE secondary > Audio 1,IGMP SRC IP:,input,igmp_src_ip,igmp_src_ip,text,0.0.0.0,,,,,,False
Signals > CH2 > BLUE secondary > Audio 1,Name:,input,name,name,text,rx ch2 flow 1 sec,,,,24,,False
Signals > CH2 > BLUE secondary > Audio 1,Tags:,input,tags,tags,text,rx ;,,,,,,False
Signals > CH2 > BLUE secondary > Audio 1,Label:,input,label,label,text,F:  1- 1- 1,,,,14,,False
Signals > CH2 > BLUE secondary > Audio 1,Use Name entry to set Label,mat-checkbox,mat-checkbox-56,,,false,,,,,,False
Signals > CH2 > BLUE secondary > Audio 1,Nbr of SDI channels:,input,aud_chan_cnt,aud_chan_cnt,number,2,,0,16,,,False
Signals > CH2 > BLUE secondary > Audio 1,Audio Format:,select,aud-format,aud_format,,Uncompressed,dash-30=Uncompressed | dash-31=Compressed,,,,,False
Signals > CH2 > BLUE secondary > Audio 1,Packet Time:,select,aud_ptime_idx,packetTime,,1 ms,0=1 ms | 1=125 μs | 2=250 μs | 3=333 μs | 5=500 μs,,,,,False
Signals > CH2 > BLUE secondary > Audio 1,Source IP:,mat-checkbox,pkt_filter_src_ip,pkt_filter_src_ip,,false,,,,,,False
Signals > CH2 > BLUE secondary > Audio 1,Source UDP Port:,mat-checkbox,pkt_filter_src_udp,pkt_filter_src_udp,,false,,,,,,False
Signals > CH2 > BLUE secondary > Audio 1,Source MAC:,mat-checkbox,pkt_filter_src_mac,pkt_filter_src_mac,,false,,,,,,False
Signals > CH2 > BLUE secondary > Audio 1,Destination IP:,mat-checkbox,pkt_filter_dst_ip,pkt_filter_dst_ip,,true,,,,,,False
Signals > CH2 > BLUE secondary > Audio 1,Destination UDP Port:,mat-checkbox,pkt_filter_dst_udp,pkt_filter_dst_udp,,false,,,,,,False
Signals > CH2 > BLUE secondary > Audio 1,Destination MAC:,mat-checkbox,pkt_filter_dst_mac,pkt_filter_dst_mac,,false,,,,,,False
Signals > CH2 > BLUE secondary > Audio 1,VLAN:,mat-checkbox,pkt_filter_vlan,pkt_filter_vlan,,false,,,,,,False
Signals > CH2 > BLUE secondary > Audio 2,Source IP:,input,src_ip_addr,src_ip_addr,text,0.0.0.0,,,,,,False
Signals > CH2 > BLUE secondary > Audio 2,Source Port:,input,src_udp_port,src_udp_port,text,0,,,,,,False
Signals > CH2 > BLUE secondary > Audio 2,Destination IP:,input,dst_ip_addr,dst_ip_addr,text,0.0.0.0,,,,,,False
Signals > CH2 > BLUE secondary > Audio 2,Destination Port:,input,dst_udp_port,dst_udp_port,text,0,,,,,,False
Signals > CH2 > BLUE secondary > Audio 2,Destination MAC:,input,dst_mac,dst_mac,text,01:00:5e:01:01:07,,,,,,True
Signals > CH2 > BLUE secondary > Audio 2,VLAN Tag:,input,vlan_tag,vlan_tag,text,0,,,,,,False
Signals > CH2 > BLUE secondary > Audio 2,Enable Flow:,mat-checkbox,network_enable,network_enable,,false,,,,,,False
Signals > CH2 > BLUE secondary > Audio 2,RTP Payload:,input,rtp_pt,rtp_pt,text,97,,,,,,False
Signals > CH2 > BLUE secondary > Audio 2,IGMP SRC IP:,input,igmp_src_ip,igmp_src_ip,text,0.0.0.0,,,,,,False
Signals > CH2 > BLUE secondary > Audio 2,Name:,input,name,name,text,rx ch2 flow 2 sec,,,,24,,False
Signals > CH2 > BLUE secondary > Audio 2,Tags:,input,tags,tags,text,rx ;,,,,,,False
Signals > CH2 > BLUE secondary > Audio 2,Label:,input,label,label,text,F:  1- 2- 1,,,,14,,False
Signals > CH2 > BLUE secondary > Audio 2,Use Name entry to set Label,mat-checkbox,mat-checkbox-56,,,false,,,,,,False
Signals > CH2 > BLUE secondary > Audio 2,Nbr of SDI channels:,input,aud_chan_cnt,aud_chan_cnt,number,2,,0,16,,,False
Signals > CH2 > BLUE secondary > Audio 2,Audio Format:,select,aud-format,aud_format,,Uncompressed,dash-30=Uncompressed | dash-31=Compressed,,,,,False
Signals > CH2 > BLUE secondary > Audio 2,Packet Time:,select,aud_ptime_idx,packetTime,,1 ms,0=1 ms | 1=125 μs | 2=250 μs | 3=333 μs | 5=500 μs,,,,,False
Signals > CH2 > BLUE secondary > Audio 2,Source IP:,mat-checkbox,pkt_filter_src_ip,pkt_filter_src_ip,,false,,,,,,False
Signals > CH2 > BLUE secondary > Audio 2,Source UDP Port:,mat-checkbox,pkt_filter_src_udp,pkt_filter_src_udp,,false,,,,,,False
Signals > CH2 > BLUE secondary > Audio 2,Source MAC:,mat-checkbox,pkt_filter_src_mac,pkt_filter_src_mac,,false,,,,,,False
Signals > CH2 > BLUE secondary > Audio 2,Destination IP:,mat-checkbox,pkt_filter_dst_ip,pkt_filter_dst_ip,,true,,,,,,False
Signals > CH2 > BLUE secondary > Audio 2,Destination UDP Port:,mat-checkbox,pkt_filter_dst_udp,pkt_filter_dst_udp,,false,,,,,,False
Signals > CH2 > BLUE secondary > Audio 2,Destination MAC:,mat-checkbox,pkt_filter_dst_mac,pkt_filter_dst_mac,,false,,,,,,False
Signals > CH2 > BLUE secondary > Audio 2,VLAN:,mat-checkbox,pkt_filter_vlan,pkt_filter_vlan,,false,,,,,,False
Signals > CH2 > BLUE secondary > Audio 3,Source IP:,input,src_ip_addr,src_ip_addr,text,0.0.0.0,,,,,,False
Signals > CH2 > BLUE secondary > Audio 3,Source Port:,input,src_udp_port,src_udp_port,text,0,,,,,,False
Signals > CH2 > BLUE secondary > Audio 3,Destination IP:,input,dst_ip_addr,dst_ip_addr,text,0.0.0.0,,,,,,False
Signals > CH2 > BLUE secondary > Audio 3,Destination Port:,input,dst_udp_port,dst_udp_port,text,0,,,,,,False
Signals > CH2 > BLUE secondary > Audio 3,Destination MAC:,input,dst_mac,dst_mac,text,01:00:5e:01:01:09,,,,,,True
Signals > CH2 > BLUE secondary > Audio 3,VLAN Tag:,input,vlan_tag,vlan_tag,text,0,,,,,,False
Signals > CH2 > BLUE secondary > Audio 3,Enable Flow:,mat-checkbox,network_enable,network_enable,,false,,,,,,False
Signals > CH2 > BLUE secondary > Audio 3,RTP Payload:,input,rtp_pt,rtp_pt,text,97,,,,,,False
Signals > CH2 > BLUE secondary > Audio 3,IGMP SRC IP:,input,igmp_src_ip,igmp_src_ip,text,0.0.0.0,,,,,,False
Signals > CH2 > BLUE secondary > Audio 3,Name:,input,name,name,text,rx ch2 flow 3 sec,,,,24,,False
Signals > CH2 > BLUE secondary > Audio 3,Tags:,input,tags,tags,text,rx ;,,,,,,False
Signals > CH2 > BLUE secondary > Audio 3,Label:,input,label,label,text,F:  1- 3- 1,,,,14,,False
Signals > CH2 > BLUE secondary > Audio 3,Use Name entry to set Label,mat-checkbox,mat-checkbox-56,,,false,,,,,,False
Signals > CH2 > BLUE secondary > Audio 3,Nbr of SDI channels:,input,aud_chan_cnt,aud_chan_cnt,number,2,,0,16,,,False
Signals > CH2 > BLUE secondary > Audio 3,Audio Format:,select,aud-format,aud_format,,Uncompressed,dash-30=Uncompressed | dash-31=Compressed,,,,,False
Signals > CH2 > BLUE secondary > Audio 3,Packet Time:,select,aud_ptime_idx,packetTime,,1 ms,0=1 ms | 1=125 μs | 2=250 μs | 3=333 μs | 5=500 μs,,,,,False
Signals > CH2 > BLUE secondary > Audio 3,Source IP:,mat-checkbox,pkt_filter_src_ip,pkt_filter_src_ip,,false,,,,,,False
Signals > CH2 > BLUE secondary > Audio 3,Source UDP Port:,mat-checkbox,pkt_filter_src_udp,pkt_filter_src_udp,,false,,,,,,False
Signals > CH2 > BLUE secondary > Audio 3,Source MAC:,mat-checkbox,pkt_filter_src_mac,pkt_filter_src_mac,,false,,,,,,False
Signals > CH2 > BLUE secondary > Audio 3,Destination IP:,mat-checkbox,pkt_filter_dst_ip,pkt_filter_dst_ip,,true,,,,,,False
Signals > CH2 > BLUE secondary > Audio 3,Destination UDP Port:,mat-checkbox,pkt_filter_dst_udp,pkt_filter_dst_udp,,false,,,,,,False
Signals > CH2 > BLUE secondary > Audio 3,Destination MAC:,mat-checkbox,pkt_filter_dst_mac,pkt_filter_dst_mac,,false,,,,,,False
Signals > CH2 > BLUE secondary > Audio 3,VLAN:,mat-checkbox,pkt_filter_vlan,pkt_filter_vlan,,false,,,,,,False
Signals > CH2 > BLUE secondary > Audio 4,Source IP:,input,src_ip_addr,src_ip_addr,text,0.0.0.0,,,,,,False
Signals > CH2 > BLUE secondary > Audio 4,Source Port:,input,src_udp_port,src_udp_port,text,0,,,,,,False
Signals > CH2 > BLUE secondary > Audio 4,Destination IP:,input,dst_ip_addr,dst_ip_addr,text,0.0.0.0,,,,,,False
Signals > CH2 > BLUE secondary > Audio 4,Destination Port:,input,dst_udp_port,dst_udp_port,text,0,,,,,,False
Signals > CH2 > BLUE secondary > Audio 4,Destination MAC:,input,dst_mac,dst_mac,text,01:00:5e:01:01:0b,,,,,,True
Signals > CH2 > BLUE secondary > Audio 4,VLAN Tag:,input,vlan_tag,vlan_tag,text,0,,,,,,False
Signals > CH2 > BLUE secondary > Audio 4,Enable Flow:,mat-checkbox,network_enable,network_enable,,false,,,,,,False
Signals > CH2 > BLUE secondary > Audio 4,RTP Payload:,input,rtp_pt,rtp_pt,text,97,,,,,,False
Signals > CH2 > BLUE secondary > Audio 4,IGMP SRC IP:,input,igmp_src_ip,igmp_src_ip,text,0.0.0.0,,,,,,False
Signals > CH2 > BLUE secondary > Audio 4,Name:,input,name,name,text,rx ch2 flow 4 sec,,,,24,,False
Signals > CH2 > BLUE secondary > Audio 4,Tags:,input,tags,tags,text,rx ;,,,,,,False
Signals > CH2 > BLUE secondary > Audio 4,Label:,input,label,label,text,F:  1- 4- 1,,,,14,,False
Signals > CH2 > BLUE secondary > Audio 4,Use Name entry to set Label,mat-checkbox,mat-checkbox-56,,,false,,,,,,False
Signals > CH2 > BLUE secondary > Audio 4,Nbr of SDI channels:,input,aud_chan_cnt,aud_chan_cnt,number,2,,0,16,,,False
Signals > CH2 > BLUE secondary > Audio 4,Audio Format:,select,aud-format,aud_format,,Uncompressed,dash-30=Uncompressed | dash-31=Compressed,,,,,False
Signals > CH2 > BLUE secondary > Audio 4,Packet Time:,select,aud_ptime_idx,packetTime,,1 ms,0=1 ms | 1=125 μs | 2=250 μs | 3=333 μs | 5=500 μs,,,,,False
Signals > CH2 > BLUE secondary > Audio 4,Source IP:,mat-checkbox,pkt_filter_src_ip,pkt_filter_src_ip,,false,,,,,,False
Signals > CH2 > BLUE secondary > Audio 4,Source UDP Port:,mat-checkbox,pkt_filter_src_udp,pkt_filter_src_udp,,false,,,,,,False
Signals > CH2 > BLUE secondary > Audio 4,Source MAC:,mat-checkbox,pkt_filter_src_mac,pkt_filter_src_mac,,false,,,,,,False
Signals > CH2 > BLUE secondary > Audio 4,Destination IP:,mat-checkbox,pkt_filter_dst_ip,pkt_filter_dst_ip,,true,,,,,,False
Signals > CH2 > BLUE secondary > Audio 4,Destination UDP Port:,mat-checkbox,pkt_filter_dst_udp,pkt_filter_dst_udp,,false,,,,,,False
Signals > CH2 > BLUE secondary > Audio 4,Destination MAC:,mat-checkbox,pkt_filter_dst_mac,pkt_filter_dst_mac,,false,,,,,,False
Signals > CH2 > BLUE secondary > Audio 4,VLAN:,mat-checkbox,pkt_filter_vlan,pkt_filter_vlan,,false,,,,,,False
Signals > CH2 > BLUE secondary > Ancillary,Source IP:,input,src_ip_addr,src_ip_addr,text,0.0.0.0,,,,,,False
Signals > CH2 > BLUE secondary > Ancillary,Source Port:,input,src_udp_port,src_udp_port,text,0,,,,,,False
Signals > CH2 > BLUE secondary > Ancillary,Destination IP:,input,dst_ip_addr,dst_ip_addr,text,0.0.0.0,,,,,,False
Signals > CH2 > BLUE secondary > Ancillary,Destination Port:,input,dst_udp_port,dst_udp_port,text,0,,,,,,False
Signals > CH2 > BLUE secondary > Ancillary,Destination MAC:,input,dst_mac,dst_mac,text,01:00:5e:01:01:15,,,,,,True
Signals > CH2 > BLUE secondary > Ancillary,VLAN Tag:,input,vlan_tag,vlan_tag,text,0,,,,,,False
Signals > CH2 > BLUE secondary > Ancillary,Enable Flow:,mat-checkbox,network_enable,network_enable,,false,,,,,,False
Signals > CH2 > BLUE secondary > Ancillary,RTP Payload:,input,rtp_pt,rtp_pt,text,100,,,,,,False
Signals > CH2 > BLUE secondary > Ancillary,IGMP SRC IP:,input,igmp_src_ip,igmp_src_ip,text,0.0.0.0,,,,,,False
Signals > CH2 > BLUE secondary > Ancillary,Name:,input,name,name,text,rx ch2 flow 5 sec,,,,24,,False
Signals > CH2 > BLUE secondary > Ancillary,Tags:,input,tags,tags,text,rx ;,,,,,,False
Signals > CH2 > BLUE secondary > Ancillary,Label:,input,label,label,text,F:  1- 5- 1,,,,14,,False
Signals > CH2 > BLUE secondary > Ancillary,Use Name entry to set Label,mat-checkbox,mat-checkbox-56,,,false,,,,,,False
Signals > CH2 > BLUE secondary > Ancillary,Source IP:,mat-checkbox,pkt_filter_src_ip,pkt_filter_src_ip,,false,,,,,,False
Signals > CH2 > BLUE secondary > Ancillary,Source UDP Port:,mat-checkbox,pkt_filter_src_udp,pkt_filter_src_udp,,false,,,,,,False
Signals > CH2 > BLUE secondary > Ancillary,Source MAC:,mat-checkbox,pkt_filter_src_mac,pkt_filter_src_mac,,false,,,,,,False
Signals > CH2 > BLUE secondary > Ancillary,Destination IP:,mat-checkbox,pkt_filter_dst_ip,pkt_filter_dst_ip,,true,,,,,,False
Signals > CH2 > BLUE secondary > Ancillary,Destination UDP Port:,mat-checkbox,pkt_filter_dst_udp,pkt_filter_dst_udp,,false,,,,,,False
Signals > CH2 > BLUE secondary > Ancillary,Destination MAC:,mat-checkbox,pkt_filter_dst_mac,pkt_filter_dst_mac,,false,,,,,,False
Signals > CH2 > BLUE secondary > Ancillary,VLAN:,mat-checkbox,pkt_filter_vlan,pkt_filter_vlan,,false,,,,,,False
Signals > CH3 > RED primary > Video,Video Format:,select,video_format,video_format,,1080p50,1080p50 | 720p50 | 720p59.94 | 720p60 | 720p23.98 | 720p24 | 720p25 | 720p29.97 | 720p30 | 1080p23.98 | 1080psf23.98 | 1080p24 | 1080psf24 | 1080p25 | 1080psf25 | 1080p29.97 | 1080psf29.97 | 1080p30 | 1080psf30 | 1080i47.95 | 1080i48 | 1080i50 | 1080i59.94 | 1080i60 | 1080p59.94 | 1080p60 | 2048x1080p23.98 | 2048x1080p24 | 2048x1080p25 | 2048x1080p29.97 | 2048x1080p30 | 2048x1080p47.95 | 2048x1080p48 | 2048x1080p50 | 2048x1080p59.94 | 2048x1080p60 | 3840x2160p23.98 | 3840x2160p24 | 3840x2160p25 | 3840x2160p29.97 | 3840x2160p30 | 4096x2160p23.98 | 4096x2160p24 | 4096x2160p25 | 4096x2160p29.97 | 4096x2160p30 | 4096x2160p47.95 | 4096x2160p48 | 3840x2160p50 | 3840x2160p59.94 | 3840x2160p60 | 4096x2160p50 | 4096x2160p59.94 | 4096x2160p60,,,,,False
Signals > CH3 > RED primary > Video,Sampling:,mat-radio-group,,sampling,,4:2:2,4:2:2 | 4:4:4,,,,,False
Signals > CH3 > RED primary > Video,Bit Depth:,mat-radio-group,,bit_depth,,10 bits,10 bits | 12 bits,,,,,False
Signals > CH3 > RED primary > Video,Color Space:,mat-radio-group,,colorSpace,,YCbCr,YCbCr | RGB,,,,,False
Signals > CH3 > RED primary > Video,Colorimetry:,select,flow-colorimetry,colorimetry,,BT709,BT709 | BT2020 | BT2100,,,,,False
Signals > CH3 > RED primary > Video,Transfer Characteristics:,select,flow-tranfer_characteristics,tranferCharacteristics,,SDR,SDR | HLG | PQ,,,,,False
Signals > CH3 > RED primary > Video,Source IP:,input,src_ip_addr,src_ip_addr,text,0.0.0.0,,,,,,False
Signals > CH3 > RED primary > Video,Source Port:,input,src_udp_port,src_udp_port,text,0,,,,,,False
Signals > CH3 > RED primary > Video,Destination IP:,input,dst_ip_addr,dst_ip_addr,text,0.0.0.0,,,,,,False
Signals > CH3 > RED primary > Video,Destination Port:,input,dst_udp_port,dst_udp_port,text,0,,,,,,False
Signals > CH3 > RED primary > Video,Destination MAC:,input,dst_mac,dst_mac,text,01:00:5e:02:01:02,,,,,,True
Signals > CH3 > RED primary > Video,VLAN Tag:,input,vlan_tag,vlan_tag,text,0,,,,,,False
Signals > CH3 > RED primary > Video,Enable Flow:,mat-checkbox,network_enable,network_enable,,true,,,,,,False
Signals > CH3 > RED primary > Video,RTP Payload:,input,rtp_pt,rtp_pt,text,96,,,,,,False
Signals > CH3 > RED primary > Video,IGMP SRC IP:,input,igmp_src_ip,igmp_src_ip,text,0.0.0.0,,,,,,False
Signals > CH3 > RED primary > Video,Sender Type:,select,sender_type,senderType,,Narrow,0=Narrow | 1=Wide,,,,,False
Signals > CH3 > RED primary > Video,Name:,input,name,name,text,rx ch3 flow 0 pri,,,,24,,False
Signals > CH3 > RED primary > Video,Tags:,input,tags,tags,text,rx;,,,,,,False
Signals > CH3 > RED primary > Video,Label:,input,label,label,text,F:  2- 0- 0,,,,14,,False
Signals > CH3 > RED primary > Video,Use Name entry to set Label,mat-checkbox,mat-checkbox-56,,,false,,,,,,False
Signals > CH3 > RED primary > Video,Source IP:,mat-checkbox,pkt_filter_src_ip,pkt_filter_src_ip,,false,,,,,,False
Signals > CH3 > RED primary > Video,Source UDP Port:,mat-checkbox,pkt_filter_src_udp,pkt_filter_src_udp,,false,,,,,,False
Signals > CH3 > RED primary > Video,Source MAC:,mat-checkbox,pkt_filter_src_mac,pkt_filter_src_mac,,false,,,,,,False
Signals > CH3 > RED primary > Video,Destination IP:,mat-checkbox,pkt_filter_dst_ip,pkt_filter_dst_ip,,true,,,,,,False
Signals > CH3 > RED primary > Video,Destination UDP Port:,mat-checkbox,pkt_filter_dst_udp,pkt_filter_dst_udp,,false,,,,,,False
Signals > CH3 > RED primary > Video,Destination MAC:,mat-checkbox,pkt_filter_dst_mac,pkt_filter_dst_mac,,false,,,,,,False
Signals > CH3 > RED primary > Video,VLAN:,mat-checkbox,pkt_filter_vlan,pkt_filter_vlan,,false,,,,,,False
Signals > CH3 > RED primary > Audio 1,Source IP:,input,src_ip_addr,src_ip_addr,text,0.0.0.0,,,,,,False
Signals > CH3 > RED primary > Audio 1,Source Port:,input,src_udp_port,src_udp_port,text,0,,,,,,False
Signals > CH3 > RED primary > Audio 1,Destination IP:,input,dst_ip_addr,dst_ip_addr,text,0.0.0.0,,,,,,False
Signals > CH3 > RED primary > Audio 1,Destination Port:,input,dst_udp_port,dst_udp_port,text,0,,,,,,False
Signals > CH3 > RED primary > Audio 1,Destination MAC:,input,dst_mac,dst_mac,text,01:00:5e:02:01:04,,,,,,True
Signals > CH3 > RED primary > Audio 1,VLAN Tag:,input,vlan_tag,vlan_tag,text,0,,,,,,False
Signals > CH3 > RED primary > Audio 1,Enable Flow:,mat-checkbox,network_enable,network_enable,,false,,,,,,False
Signals > CH3 > RED primary > Audio 1,RTP Payload:,input,rtp_pt,rtp_pt,text,97,,,,,,False
Signals > CH3 > RED primary > Audio 1,IGMP SRC IP:,input,igmp_src_ip,igmp_src_ip,text,0.0.0.0,,,,,,False
Signals > CH3 > RED primary > Audio 1,Name:,input,name,name,text,tx ch3 flow 1 pri,,,,24,,False
Signals > CH3 > RED primary > Audio 1,Tags:,input,tags,tags,text,tx;,,,,,,False
Signals > CH3 > RED primary > Audio 1,Label:,input,label,label,text,F:  2- 1- 0,,,,14,,False
Signals > CH3 > RED primary > Audio 1,Use Name entry to set Label,mat-checkbox,mat-checkbox-56,,,false,,,,,,False
Signals > CH3 > RED primary > Audio 1,Nbr of SDI channels:,input,aud_chan_cnt,aud_chan_cnt,number,2,,0,16,,,False
Signals > CH3 > RED primary > Audio 1,Audio Format:,select,aud-format,aud_format,,Uncompressed,dash-30=Uncompressed | dash-31=Compressed,,,,,False
Signals > CH3 > RED primary > Audio 1,Packet Time:,select,aud_ptime_idx,packetTime,,1 ms,0=1 ms | 1=125 μs | 2=250 μs | 3=333 μs | 5=500 μs,,,,,False
Signals > CH3 > RED primary > Audio 1,Source IP:,mat-checkbox,pkt_filter_src_ip,pkt_filter_src_ip,,false,,,,,,False
Signals > CH3 > RED primary > Audio 1,Source UDP Port:,mat-checkbox,pkt_filter_src_udp,pkt_filter_src_udp,,false,,,,,,False
Signals > CH3 > RED primary > Audio 1,Source MAC:,mat-checkbox,pkt_filter_src_mac,pkt_filter_src_mac,,false,,,,,,False
Signals > CH3 > RED primary > Audio 1,Destination IP:,mat-checkbox,pkt_filter_dst_ip,pkt_filter_dst_ip,,true,,,,,,False
Signals > CH3 > RED primary > Audio 1,Destination UDP Port:,mat-checkbox,pkt_filter_dst_udp,pkt_filter_dst_udp,,false,,,,,,False
Signals > CH3 > RED primary > Audio 1,Destination MAC:,mat-checkbox,pkt_filter_dst_mac,pkt_filter_dst_mac,,false,,,,,,False
Signals > CH3 > RED primary > Audio 1,VLAN:,mat-checkbox,pkt_filter_vlan,pkt_filter_vlan,,false,,,,,,False
Signals > CH3 > RED primary > Audio 2,Source IP:,input,src_ip_addr,src_ip_addr,text,0.0.0.0,,,,,,False
Signals > CH3 > RED primary > Audio 2,Source Port:,input,src_udp_port,src_udp_port,text,0,,,,,,False
Signals > CH3 > RED primary > Audio 2,Destination IP:,input,dst_ip_addr,dst_ip_addr,text,0.0.0.0,,,,,,False
Signals > CH3 > RED primary > Audio 2,Destination Port:,input,dst_udp_port,dst_udp_port,text,0,,,,,,False
Signals > CH3 > RED primary > Audio 2,Destination MAC:,input,dst_mac,dst_mac,text,01:00:5e:02:01:06,,,,,,True
Signals > CH3 > RED primary > Audio 2,VLAN Tag:,input,vlan_tag,vlan_tag,text,0,,,,,,False
Signals > CH3 > RED primary > Audio 2,Enable Flow:,mat-checkbox,network_enable,network_enable,,false,,,,,,False
Signals > CH3 > RED primary > Audio 2,RTP Payload:,input,rtp_pt,rtp_pt,text,97,,,,,,False
Signals > CH3 > RED primary > Audio 2,IGMP SRC IP:,input,igmp_src_ip,igmp_src_ip,text,0.0.0.0,,,,,,False
Signals > CH3 > RED primary > Audio 2,Name:,input,name,name,text,rx ch3 flow 2 pri,,,,24,,False
Signals > CH3 > RED primary > Audio 2,Tags:,input,tags,tags,text,rx ;,,,,,,False
Signals > CH3 > RED primary > Audio 2,Label:,input,label,label,text,F:  2- 2- 0,,,,14,,False
Signals > CH3 > RED primary > Audio 2,Use Name entry to set Label,mat-checkbox,mat-checkbox-56,,,false,,,,,,False
Signals > CH3 > RED primary > Audio 2,Nbr of SDI channels:,input,aud_chan_cnt,aud_chan_cnt,number,2,,0,16,,,False
Signals > CH3 > RED primary > Audio 2,Audio Format:,select,aud-format,aud_format,,Uncompressed,dash-30=Uncompressed | dash-31=Compressed,,,,,False
Signals > CH3 > RED primary > Audio 2,Packet Time:,select,aud_ptime_idx,packetTime,,1 ms,0=1 ms | 1=125 μs | 2=250 μs | 3=333 μs | 5=500 μs,,,,,False
Signals > CH3 > RED primary > Audio 2,Source IP:,mat-checkbox,pkt_filter_src_ip,pkt_filter_src_ip,,false,,,,,,False
Signals > CH3 > RED primary > Audio 2,Source UDP Port:,mat-checkbox,pkt_filter_src_udp,pkt_filter_src_udp,,false,,,,,,False
Signals > CH3 > RED primary > Audio 2,Source MAC:,mat-checkbox,pkt_filter_src_mac,pkt_filter_src_mac,,false,,,,,,False
Signals > CH3 > RED primary > Audio 2,Destination IP:,mat-checkbox,pkt_filter_dst_ip,pkt_filter_dst_ip,,true,,,,,,False
Signals > CH3 > RED primary > Audio 2,Destination UDP Port:,mat-checkbox,pkt_filter_dst_udp,pkt_filter_dst_udp,,false,,,,,,False
Signals > CH3 > RED primary > Audio 2,Destination MAC:,mat-checkbox,pkt_filter_dst_mac,pkt_filter_dst_mac,,false,,,,,,False
Signals > CH3 > RED primary > Audio 2,VLAN:,mat-checkbox,pkt_filter_vlan,pkt_filter_vlan,,false,,,,,,False
Signals > CH3 > RED primary > Audio 3,Source IP:,input,src_ip_addr,src_ip_addr,text,0.0.0.0,,,,,,False
Signals > CH3 > RED primary > Audio 3,Source Port:,input,src_udp_port,src_udp_port,text,0,,,,,,False
Signals > CH3 > RED primary > Audio 3,Destination IP:,input,dst_ip_addr,dst_ip_addr,text,0.0.0.0,,,,,,False
Signals > CH3 > RED primary > Audio 3,Destination Port:,input,dst_udp_port,dst_udp_port,text,0,,,,,,False
Signals > CH3 > RED primary > Audio 3,Destination MAC:,input,dst_mac,dst_mac,text,01:00:5e:02:01:08,,,,,,True
Signals > CH3 > RED primary > Audio 3,VLAN Tag:,input,vlan_tag,vlan_tag,text,0,,,,,,False
Signals > CH3 > RED primary > Audio 3,Enable Flow:,mat-checkbox,network_enable,network_enable,,false,,,,,,False
Signals > CH3 > RED primary > Audio 3,RTP Payload:,input,rtp_pt,rtp_pt,text,97,,,,,,False
Signals > CH3 > RED primary > Audio 3,IGMP SRC IP:,input,igmp_src_ip,igmp_src_ip,text,0.0.0.0,,,,,,False
Signals > CH3 > RED primary > Audio 3,Name:,input,name,name,text,rx ch3 flow 3 pri,,,,24,,False
Signals > CH3 > RED primary > Audio 3,Tags:,input,tags,tags,text,rx ;,,,,,,False
Signals > CH3 > RED primary > Audio 3,Label:,input,label,label,text,F:  2- 3- 0,,,,14,,False
Signals > CH3 > RED primary > Audio 3,Use Name entry to set Label,mat-checkbox,mat-checkbox-56,,,false,,,,,,False
Signals > CH3 > RED primary > Audio 3,Nbr of SDI channels:,input,aud_chan_cnt,aud_chan_cnt,number,2,,0,16,,,False
Signals > CH3 > RED primary > Audio 3,Audio Format:,select,aud-format,aud_format,,Uncompressed,dash-30=Uncompressed | dash-31=Compressed,,,,,False
Signals > CH3 > RED primary > Audio 3,Packet Time:,select,aud_ptime_idx,packetTime,,1 ms,0=1 ms | 1=125 μs | 2=250 μs | 3=333 μs | 5=500 μs,,,,,False
Signals > CH3 > RED primary > Audio 3,Source IP:,mat-checkbox,pkt_filter_src_ip,pkt_filter_src_ip,,false,,,,,,False
Signals > CH3 > RED primary > Audio 3,Source UDP Port:,mat-checkbox,pkt_filter_src_udp,pkt_filter_src_udp,,false,,,,,,False
Signals > CH3 > RED primary > Audio 3,Source MAC:,mat-checkbox,pkt_filter_src_mac,pkt_filter_src_mac,,false,,,,,,False
Signals > CH3 > RED primary > Audio 3,Destination IP:,mat-checkbox,pkt_filter_dst_ip,pkt_filter_dst_ip,,true,,,,,,False
Signals > CH3 > RED primary > Audio 3,Destination UDP Port:,mat-checkbox,pkt_filter_dst_udp,pkt_filter_dst_udp,,false,,,,,,False
Signals > CH3 > RED primary > Audio 3,Destination MAC:,mat-checkbox,pkt_filter_dst_mac,pkt_filter_dst_mac,,false,,,,,,False
Signals > CH3 > RED primary > Audio 3,VLAN:,mat-checkbox,pkt_filter_vlan,pkt_filter_vlan,,false,,,,,,False
Signals > CH3 > RED primary > Audio 4,Source IP:,input,src_ip_addr,src_ip_addr,text,0.0.0.0,,,,,,False
Signals > CH3 > RED primary > Audio 4,Source Port:,input,src_udp_port,src_udp_port,text,0,,,,,,False
Signals > CH3 > RED primary > Audio 4,Destination IP:,input,dst_ip_addr,dst_ip_addr,text,0.0.0.0,,,,,,False
Signals > CH3 > RED primary > Audio 4,Destination Port:,input,dst_udp_port,dst_udp_port,text,0,,,,,,False
Signals > CH3 > RED primary > Audio 4,Destination MAC:,input,dst_mac,dst_mac,text,01:00:5e:02:01:0a,,,,,,True
Signals > CH3 > RED primary > Audio 4,VLAN Tag:,input,vlan_tag,vlan_tag,text,0,,,,,,False
Signals > CH3 > RED primary > Audio 4,Enable Flow:,mat-checkbox,network_enable,network_enable,,false,,,,,,False
Signals > CH3 > RED primary > Audio 4,RTP Payload:,input,rtp_pt,rtp_pt,text,97,,,,,,False
Signals > CH3 > RED primary > Audio 4,IGMP SRC IP:,input,igmp_src_ip,igmp_src_ip,text,0.0.0.0,,,,,,False
Signals > CH3 > RED primary > Audio 4,Name:,input,name,name,text,rx ch3 flow 4 pri,,,,24,,False
Signals > CH3 > RED primary > Audio 4,Tags:,input,tags,tags,text,rx ;,,,,,,False
Signals > CH3 > RED primary > Audio 4,Label:,input,label,label,text,F:  2- 4- 0,,,,14,,False
Signals > CH3 > RED primary > Audio 4,Use Name entry to set Label,mat-checkbox,mat-checkbox-56,,,false,,,,,,False
Signals > CH3 > RED primary > Audio 4,Nbr of SDI channels:,input,aud_chan_cnt,aud_chan_cnt,number,2,,0,16,,,False
Signals > CH3 > RED primary > Audio 4,Audio Format:,select,aud-format,aud_format,,Uncompressed,dash-30=Uncompressed | dash-31=Compressed,,,,,False
Signals > CH3 > RED primary > Audio 4,Packet Time:,select,aud_ptime_idx,packetTime,,1 ms,0=1 ms | 1=125 μs | 2=250 μs | 3=333 μs | 5=500 μs,,,,,False
Signals > CH3 > RED primary > Audio 4,Source IP:,mat-checkbox,pkt_filter_src_ip,pkt_filter_src_ip,,false,,,,,,False
Signals > CH3 > RED primary > Audio 4,Source UDP Port:,mat-checkbox,pkt_filter_src_udp,pkt_filter_src_udp,,false,,,,,,False
Signals > CH3 > RED primary > Audio 4,Source MAC:,mat-checkbox,pkt_filter_src_mac,pkt_filter_src_mac,,false,,,,,,False
Signals > CH3 > RED primary > Audio 4,Destination IP:,mat-checkbox,pkt_filter_dst_ip,pkt_filter_dst_ip,,true,,,,,,False
Signals > CH3 > RED primary > Audio 4,Destination UDP Port:,mat-checkbox,pkt_filter_dst_udp,pkt_filter_dst_udp,,false,,,,,,False
Signals > CH3 > RED primary > Audio 4,Destination MAC:,mat-checkbox,pkt_filter_dst_mac,pkt_filter_dst_mac,,false,,,,,,False
Signals > CH3 > RED primary > Audio 4,VLAN:,mat-checkbox,pkt_filter_vlan,pkt_filter_vlan,,false,,,,,,False
Signals > CH3 > RED primary > Ancillary,Source IP:,input,src_ip_addr,src_ip_addr,text,0.0.0.0,,,,,,False
Signals > CH3 > RED primary > Ancillary,Source Port:,input,src_udp_port,src_udp_port,text,0,,,,,,False
Signals > CH3 > RED primary > Ancillary,Destination IP:,input,dst_ip_addr,dst_ip_addr,text,0.0.0.0,,,,,,False
Signals > CH3 > RED primary > Ancillary,Destination Port:,input,dst_udp_port,dst_udp_port,text,0,,,,,,False
Signals > CH3 > RED primary > Ancillary,Destination MAC:,input,dst_mac,dst_mac,text,01:00:5e:02:01:14,,,,,,True
Signals > CH3 > RED primary > Ancillary,VLAN Tag:,input,vlan_tag,vlan_tag,text,0,,,,,,False
Signals > CH3 > RED primary > Ancillary,Enable Flow:,mat-checkbox,network_enable,network_enable,,false,,,,,,False
Signals > CH3 > RED primary > Ancillary,RTP Payload:,input,rtp_pt,rtp_pt,text,100,,,,,,False
Signals > CH3 > RED primary > Ancillary,IGMP SRC IP:,input,igmp_src_ip,igmp_src_ip,text,0.0.0.0,,,,,,False
Signals > CH3 > RED primary > Ancillary,Name:,input,name,name,text,rx ch3 flow 5 pri,,,,24,,False
Signals > CH3 > RED primary > Ancillary,Tags:,input,tags,tags,text,rx ;,,,,,,False
Signals > CH3 > RED primary > Ancillary,Label:,input,label,label,text,F:  2- 5- 0,,,,14,,False
Signals > CH3 > RED primary > Ancillary,Use Name entry to set Label,mat-checkbox,mat-checkbox-56,,,false,,,,,,False
Signals > CH3 > RED primary > Ancillary,Source IP:,mat-checkbox,pkt_filter_src_ip,pkt_filter_src_ip,,false,,,,,,False
Signals > CH3 > RED primary > Ancillary,Source UDP Port:,mat-checkbox,pkt_filter_src_udp,pkt_filter_src_udp,,false,,,,,,False
Signals > CH3 > RED primary > Ancillary,Source MAC:,mat-checkbox,pkt_filter_src_mac,pkt_filter_src_mac,,false,,,,,,False
Signals > CH3 > RED primary > Ancillary,Destination IP:,mat-checkbox,pkt_filter_dst_ip,pkt_filter_dst_ip,,true,,,,,,False
Signals > CH3 > RED primary > Ancillary,Destination UDP Port:,mat-checkbox,pkt_filter_dst_udp,pkt_filter_dst_udp,,false,,,,,,False
Signals > CH3 > RED primary > Ancillary,Destination MAC:,mat-checkbox,pkt_filter_dst_mac,pkt_filter_dst_mac,,false,,,,,,False
Signals > CH3 > RED primary > Ancillary,VLAN:,mat-checkbox,pkt_filter_vlan,pkt_filter_vlan,,false,,,,,,False
Signals > CH3 > BLUE secondary > Video,Video Format:,select,video_format,video_format,,1080p50,1080p50 | 720p50 | 720p59.94 | 720p60 | 720p23.98 | 720p24 | 720p25 | 720p29.97 | 720p30 | 1080p23.98 | 1080psf23.98 | 1080p24 | 1080psf24 | 1080p25 | 1080psf25 | 1080p29.97 | 1080psf29.97 | 1080p30 | 1080psf30 | 1080i47.95 | 1080i48 | 1080i50 | 1080i59.94 | 1080i60 | 1080p59.94 | 1080p60 | 2048x1080p23.98 | 2048x1080p24 | 2048x1080p25 | 2048x1080p29.97 | 2048x1080p30 | 2048x1080p47.95 | 2048x1080p48 | 2048x1080p50 | 2048x1080p59.94 | 2048x1080p60 | 3840x2160p23.98 | 3840x2160p24 | 3840x2160p25 | 3840x2160p29.97 | 3840x2160p30 | 4096x2160p23.98 | 4096x2160p24 | 4096x2160p25 | 4096x2160p29.97 | 4096x2160p30 | 4096x2160p47.95 | 4096x2160p48 | 3840x2160p50 | 3840x2160p59.94 | 3840x2160p60 | 4096x2160p50 | 4096x2160p59.94 | 4096x2160p60,,,,,False
Signals > CH3 > BLUE secondary > Video,Sampling:,mat-radio-group,,sampling,,4:2:2,4:2:2 | 4:4:4,,,,,False
Signals > CH3 > BLUE secondary > Video,Bit Depth:,mat-radio-group,,bit_depth,,10 bits,10 bits | 12 bits,,,,,False
Signals > CH3 > BLUE secondary > Video,Color Space:,mat-radio-group,,colorSpace,,YCbCr,YCbCr | RGB,,,,,False
Signals > CH3 > BLUE secondary > Video,Colorimetry:,select,flow-colorimetry,colorimetry,,BT709,BT709 | BT2020 | BT2100,,,,,False
Signals > CH3 > BLUE secondary > Video,Transfer Characteristics:,select,flow-tranfer_characteristics,tranferCharacteristics,,SDR,SDR | HLG | PQ,,,,,False
Signals > CH3 > BLUE secondary > Video,Source IP:,input,src_ip_addr,src_ip_addr,text,0.0.0.0,,,,,,False
Signals > CH3 > BLUE secondary > Video,Source Port:,input,src_udp_port,src_udp_port,text,0,,,,,,False
Signals > CH3 > BLUE secondary > Video,Destination IP:,input,dst_ip_addr,dst_ip_addr,text,0.0.0.0,,,,,,False
Signals > CH3 > BLUE secondary > Video,Destination Port:,input,dst_udp_port,dst_udp_port,text,0,,,,,,False
Signals > CH3 > BLUE secondary > Video,Destination MAC:,input,dst_mac,dst_mac,text,01:00:5e:04:03:86,,,,,,True
Signals > CH3 > BLUE secondary > Video,VLAN Tag:,input,vlan_tag,vlan_tag,text,0,,,,,,False
Signals > CH3 > BLUE secondary > Video,Enable Flow:,mat-checkbox,network_enable,network_enable,,false,,,,,,False
Signals > CH3 > BLUE secondary > Video,RTP Payload:,input,rtp_pt,rtp_pt,text,96,,,,,,False
Signals > CH3 > BLUE secondary > Video,IGMP SRC IP:,input,igmp_src_ip,igmp_src_ip,text,0.0.0.0,,,,,,False
Signals > CH3 > BLUE secondary > Video,Sender Type:,select,sender_type,senderType,,Narrow,0=Narrow | 1=Wide,,,,,False
Signals > CH3 > BLUE secondary > Video,Name:,input,name,name,text,rx ch3 flow 0 sec,,,,24,,False
Signals > CH3 > BLUE secondary > Video,Tags:,input,tags,tags,text,rx ;,,,,,,False
Signals > CH3 > BLUE secondary > Video,Label:,input,label,label,text,F:  2- 0- 1,,,,14,,False
Signals > CH3 > BLUE secondary > Video,Use Name entry to set Label,mat-checkbox,mat-checkbox-56,,,false,,,,,,False
Signals > CH3 > BLUE secondary > Video,Source IP:,mat-checkbox,pkt_filter_src_ip,pkt_filter_src_ip,,false,,,,,,False
Signals > CH3 > BLUE secondary > Video,Source UDP Port:,mat-checkbox,pkt_filter_src_udp,pkt_filter_src_udp,,false,,,,,,False
Signals > CH3 > BLUE secondary > Video,Source MAC:,mat-checkbox,pkt_filter_src_mac,pkt_filter_src_mac,,false,,,,,,False
Signals > CH3 > BLUE secondary > Video,Destination IP:,mat-checkbox,pkt_filter_dst_ip,pkt_filter_dst_ip,,true,,,,,,False
Signals > CH3 > BLUE secondary > Video,Destination UDP Port:,mat-checkbox,pkt_filter_dst_udp,pkt_filter_dst_udp,,false,,,,,,False
Signals > CH3 > BLUE secondary > Video,Destination MAC:,mat-checkbox,pkt_filter_dst_mac,pkt_filter_dst_mac,,false,,,,,,False
Signals > CH3 > BLUE secondary > Video,VLAN:,mat-checkbox,pkt_filter_vlan,pkt_filter_vlan,,false,,,,,,False
Signals > CH3 > BLUE secondary > Audio 1,Source IP:,input,src_ip_addr,src_ip_addr,text,0.0.0.0,,,,,,False
Signals > CH3 > BLUE secondary > Audio 1,Source Port:,input,src_udp_port,src_udp_port,text,0,,,,,,False
Signals > CH3 > BLUE secondary > Audio 1,Destination IP:,input,dst_ip_addr,dst_ip_addr,text,0.0.0.0,,,,,,False
Signals > CH3 > BLUE secondary > Audio 1,Destination Port:,input,dst_udp_port,dst_udp_port,text,0,,,,,,False
Signals > CH3 > BLUE secondary > Audio 1,Destination MAC:,input,dst_mac,dst_mac,text,01:00:5e:02:01:05,,,,,,True
Signals > CH3 > BLUE secondary > Audio 1,VLAN Tag:,input,vlan_tag,vlan_tag,text,0,,,,,,False
Signals > CH3 > BLUE secondary > Audio 1,Enable Flow:,mat-checkbox,network_enable,network_enable,,false,,,,,,False
Signals > CH3 > BLUE secondary > Audio 1,RTP Payload:,input,rtp_pt,rtp_pt,text,97,,,,,,False
Signals > CH3 > BLUE secondary > Audio 1,IGMP SRC IP:,input,igmp_src_ip,igmp_src_ip,text,0.0.0.0,,,,,,False
Signals > CH3 > BLUE secondary > Audio 1,Name:,input,name,name,text,rx ch3 flow 1 sec,,,,24,,False
Signals > CH3 > BLUE secondary > Audio 1,Tags:,input,tags,tags,text,rx ;,,,,,,False
Signals > CH3 > BLUE secondary > Audio 1,Label:,input,label,label,text,F:  2- 1- 1,,,,14,,False
Signals > CH3 > BLUE secondary > Audio 1,Use Name entry to set Label,mat-checkbox,mat-checkbox-56,,,false,,,,,,False
Signals > CH3 > BLUE secondary > Audio 1,Nbr of SDI channels:,input,aud_chan_cnt,aud_chan_cnt,number,2,,0,16,,,False
Signals > CH3 > BLUE secondary > Audio 1,Audio Format:,select,aud-format,aud_format,,Uncompressed,dash-30=Uncompressed | dash-31=Compressed,,,,,False
Signals > CH3 > BLUE secondary > Audio 1,Packet Time:,select,aud_ptime_idx,packetTime,,1 ms,0=1 ms | 1=125 μs | 2=250 μs | 3=333 μs | 5=500 μs,,,,,False
Signals > CH3 > BLUE secondary > Audio 1,Source IP:,mat-checkbox,pkt_filter_src_ip,pkt_filter_src_ip,,false,,,,,,False
Signals > CH3 > BLUE secondary > Audio 1,Source UDP Port:,mat-checkbox,pkt_filter_src_udp,pkt_filter_src_udp,,false,,,,,,False
Signals > CH3 > BLUE secondary > Audio 1,Source MAC:,mat-checkbox,pkt_filter_src_mac,pkt_filter_src_mac,,false,,,,,,False
Signals > CH3 > BLUE secondary > Audio 1,Destination IP:,mat-checkbox,pkt_filter_dst_ip,pkt_filter_dst_ip,,true,,,,,,False
Signals > CH3 > BLUE secondary > Audio 1,Destination UDP Port:,mat-checkbox,pkt_filter_dst_udp,pkt_filter_dst_udp,,false,,,,,,False
Signals > CH3 > BLUE secondary > Audio 1,Destination MAC:,mat-checkbox,pkt_filter_dst_mac,pkt_filter_dst_mac,,false,,,,,,False
Signals > CH3 > BLUE secondary > Audio 1,VLAN:,mat-checkbox,pkt_filter_vlan,pkt_filter_vlan,,false,,,,,,False
Signals > CH3 > BLUE secondary > Audio 2,Source IP:,input,src_ip_addr,src_ip_addr,text,0.0.0.0,,,,,,False
Signals > CH3 > BLUE secondary > Audio 2,Source Port:,input,src_udp_port,src_udp_port,text,0,,,,,,False
Signals > CH3 > BLUE secondary > Audio 2,Destination IP:,input,dst_ip_addr,dst_ip_addr,text,0.0.0.0,,,,,,False
Signals > CH3 > BLUE secondary > Audio 2,Destination Port:,input,dst_udp_port,dst_udp_port,text,0,,,,,,False
Signals > CH3 > BLUE secondary > Audio 2,Destination MAC:,input,dst_mac,dst_mac,text,01:00:5e:02:01:07,,,,,,True
Signals > CH3 > BLUE secondary > Audio 2,VLAN Tag:,input,vlan_tag,vlan_tag,text,0,,,,,,False
Signals > CH3 > BLUE secondary > Audio 2,Enable Flow:,mat-checkbox,network_enable,network_enable,,false,,,,,,False
Signals > CH3 > BLUE secondary > Audio 2,RTP Payload:,input,rtp_pt,rtp_pt,text,97,,,,,,False
Signals > CH3 > BLUE secondary > Audio 2,IGMP SRC IP:,input,igmp_src_ip,igmp_src_ip,text,0.0.0.0,,,,,,False
Signals > CH3 > BLUE secondary > Audio 2,Name:,input,name,name,text,rx ch3 flow 2 sec,,,,24,,False
Signals > CH3 > BLUE secondary > Audio 2,Tags:,input,tags,tags,text,rx ;,,,,,,False
Signals > CH3 > BLUE secondary > Audio 2,Label:,input,label,label,text,F:  2- 2- 1,,,,14,,False
Signals > CH3 > BLUE secondary > Audio 2,Use Name entry to set Label,mat-checkbox,mat-checkbox-56,,,false,,,,,,False
Signals > CH3 > BLUE secondary > Audio 2,Nbr of SDI channels:,input,aud_chan_cnt,aud_chan_cnt,number,2,,0,16,,,False
Signals > CH3 > BLUE secondary > Audio 2,Audio Format:,select,aud-format,aud_format,,Uncompressed,dash-30=Uncompressed | dash-31=Compressed,,,,,False
Signals > CH3 > BLUE secondary > Audio 2,Packet Time:,select,aud_ptime_idx,packetTime,,1 ms,0=1 ms | 1=125 μs | 2=250 μs | 3=333 μs | 5=500 μs,,,,,False
Signals > CH3 > BLUE secondary > Audio 2,Source IP:,mat-checkbox,pkt_filter_src_ip,pkt_filter_src_ip,,false,,,,,,False
Signals > CH3 > BLUE secondary > Audio 2,Source UDP Port:,mat-checkbox,pkt_filter_src_udp,pkt_filter_src_udp,,false,,,,,,False
Signals > CH3 > BLUE secondary > Audio 2,Source MAC:,mat-checkbox,pkt_filter_src_mac,pkt_filter_src_mac,,false,,,,,,False
Signals > CH3 > BLUE secondary > Audio 2,Destination IP:,mat-checkbox,pkt_filter_dst_ip,pkt_filter_dst_ip,,true,,,,,,False
Signals > CH3 > BLUE secondary > Audio 2,Destination UDP Port:,mat-checkbox,pkt_filter_dst_udp,pkt_filter_dst_udp,,false,,,,,,False
Signals > CH3 > BLUE secondary > Audio 2,Destination MAC:,mat-checkbox,pkt_filter_dst_mac,pkt_filter_dst_mac,,false,,,,,,False
Signals > CH3 > BLUE secondary > Audio 2,VLAN:,mat-checkbox,pkt_filter_vlan,pkt_filter_vlan,,false,,,,,,False
Signals > CH3 > BLUE secondary > Audio 3,Source IP:,input,src_ip_addr,src_ip_addr,text,0.0.0.0,,,,,,False
Signals > CH3 > BLUE secondary > Audio 3,Source Port:,input,src_udp_port,src_udp_port,text,0,,,,,,False
Signals > CH3 > BLUE secondary > Audio 3,Destination IP:,input,dst_ip_addr,dst_ip_addr,text,0.0.0.0,,,,,,False
Signals > CH3 > BLUE secondary > Audio 3,Destination Port:,input,dst_udp_port,dst_udp_port,text,0,,,,,,False
Signals > CH3 > BLUE secondary > Audio 3,Destination MAC:,input,dst_mac,dst_mac,text,01:00:5e:02:01:09,,,,,,True
Signals > CH3 > BLUE secondary > Audio 3,VLAN Tag:,input,vlan_tag,vlan_tag,text,0,,,,,,False
Signals > CH3 > BLUE secondary > Audio 3,Enable Flow:,mat-checkbox,network_enable,network_enable,,false,,,,,,False
Signals > CH3 > BLUE secondary > Audio 3,RTP Payload:,input,rtp_pt,rtp_pt,text,97,,,,,,False
Signals > CH3 > BLUE secondary > Audio 3,IGMP SRC IP:,input,igmp_src_ip,igmp_src_ip,text,0.0.0.0,,,,,,False
Signals > CH3 > BLUE secondary > Audio 3,Name:,input,name,name,text,rx ch3 flow 3 sec,,,,24,,False
Signals > CH3 > BLUE secondary > Audio 3,Tags:,input,tags,tags,text,rx ;,,,,,,False
Signals > CH3 > BLUE secondary > Audio 3,Label:,input,label,label,text,F:  2- 3- 1,,,,14,,False
Signals > CH3 > BLUE secondary > Audio 3,Use Name entry to set Label,mat-checkbox,mat-checkbox-56,,,false,,,,,,False
Signals > CH3 > BLUE secondary > Audio 3,Nbr of SDI channels:,input,aud_chan_cnt,aud_chan_cnt,number,2,,0,16,,,False
Signals > CH3 > BLUE secondary > Audio 3,Audio Format:,select,aud-format,aud_format,,Uncompressed,dash-30=Uncompressed | dash-31=Compressed,,,,,False
Signals > CH3 > BLUE secondary > Audio 3,Packet Time:,select,aud_ptime_idx,packetTime,,1 ms,0=1 ms | 1=125 μs | 2=250 μs | 3=333 μs | 5=500 μs,,,,,False
Signals > CH3 > BLUE secondary > Audio 3,Source IP:,mat-checkbox,pkt_filter_src_ip,pkt_filter_src_ip,,false,,,,,,False
Signals > CH3 > BLUE secondary > Audio 3,Source UDP Port:,mat-checkbox,pkt_filter_src_udp,pkt_filter_src_udp,,false,,,,,,False
Signals > CH3 > BLUE secondary > Audio 3,Source MAC:,mat-checkbox,pkt_filter_src_mac,pkt_filter_src_mac,,false,,,,,,False
Signals > CH3 > BLUE secondary > Audio 3,Destination IP:,mat-checkbox,pkt_filter_dst_ip,pkt_filter_dst_ip,,true,,,,,,False
Signals > CH3 > BLUE secondary > Audio 3,Destination UDP Port:,mat-checkbox,pkt_filter_dst_udp,pkt_filter_dst_udp,,false,,,,,,False
Signals > CH3 > BLUE secondary > Audio 3,Destination MAC:,mat-checkbox,pkt_filter_dst_mac,pkt_filter_dst_mac,,false,,,,,,False
Signals > CH3 > BLUE secondary > Audio 3,VLAN:,mat-checkbox,pkt_filter_vlan,pkt_filter_vlan,,false,,,,,,False
Signals > CH3 > BLUE secondary > Audio 4,Source IP:,input,src_ip_addr,src_ip_addr,text,0.0.0.0,,,,,,False
Signals > CH3 > BLUE secondary > Audio 4,Source Port:,input,src_udp_port,src_udp_port,text,0,,,,,,False
Signals > CH3 > BLUE secondary > Audio 4,Destination IP:,input,dst_ip_addr,dst_ip_addr,text,0.0.0.0,,,,,,False
Signals > CH3 > BLUE secondary > Audio 4,Destination Port:,input,dst_udp_port,dst_udp_port,text,0,,,,,,False
Signals > CH3 > BLUE secondary > Audio 4,Destination MAC:,input,dst_mac,dst_mac,text,01:00:5e:02:01:0b,,,,,,True
Signals > CH3 > BLUE secondary > Audio 4,VLAN Tag:,input,vlan_tag,vlan_tag,text,0,,,,,,False
Signals > CH3 > BLUE secondary > Audio 4,Enable Flow:,mat-checkbox,network_enable,network_enable,,false,,,,,,False
Signals > CH3 > BLUE secondary > Audio 4,RTP Payload:,input,rtp_pt,rtp_pt,text,97,,,,,,False
Signals > CH3 > BLUE secondary > Audio 4,IGMP SRC IP:,input,igmp_src_ip,igmp_src_ip,text,0.0.0.0,,,,,,False
Signals > CH3 > BLUE secondary > Audio 4,Name:,input,name,name,text,rx ch3 flow 4 sec,,,,24,,False
Signals > CH3 > BLUE secondary > Audio 4,Tags:,input,tags,tags,text,rx ;,,,,,,False
Signals > CH3 > BLUE secondary > Audio 4,Label:,input,label,label,text,F:  2- 4- 1,,,,14,,False
Signals > CH3 > BLUE secondary > Audio 4,Use Name entry to set Label,mat-checkbox,mat-checkbox-56,,,false,,,,,,False
Signals > CH3 > BLUE secondary > Audio 4,Nbr of SDI channels:,input,aud_chan_cnt,aud_chan_cnt,number,2,,0,16,,,False
Signals > CH3 > BLUE secondary > Audio 4,Audio Format:,select,aud-format,aud_format,,Uncompressed,dash-30=Uncompressed | dash-31=Compressed,,,,,False
Signals > CH3 > BLUE secondary > Audio 4,Packet Time:,select,aud_ptime_idx,packetTime,,1 ms,0=1 ms | 1=125 μs | 2=250 μs | 3=333 μs | 5=500 μs,,,,,False
Signals > CH3 > BLUE secondary > Audio 4,Source IP:,mat-checkbox,pkt_filter_src_ip,pkt_filter_src_ip,,false,,,,,,False
Signals > CH3 > BLUE secondary > Audio 4,Source UDP Port:,mat-checkbox,pkt_filter_src_udp,pkt_filter_src_udp,,false,,,,,,False
Signals > CH3 > BLUE secondary > Audio 4,Source MAC:,mat-checkbox,pkt_filter_src_mac,pkt_filter_src_mac,,false,,,,,,False
Signals > CH3 > BLUE secondary > Audio 4,Destination IP:,mat-checkbox,pkt_filter_dst_ip,pkt_filter_dst_ip,,true,,,,,,False
Signals > CH3 > BLUE secondary > Audio 4,Destination UDP Port:,mat-checkbox,pkt_filter_dst_udp,pkt_filter_dst_udp,,false,,,,,,False
Signals > CH3 > BLUE secondary > Audio 4,Destination MAC:,mat-checkbox,pkt_filter_dst_mac,pkt_filter_dst_mac,,false,,,,,,False
Signals > CH3 > BLUE secondary > Audio 4,VLAN:,mat-checkbox,pkt_filter_vlan,pkt_filter_vlan,,false,,,,,,False
Signals > CH3 > BLUE secondary > Ancillary,Source IP:,input,src_ip_addr,src_ip_addr,text,0.0.0.0,,,,,,False
Signals > CH3 > BLUE secondary > Ancillary,Source Port:,input,src_udp_port,src_udp_port,text,0,,,,,,False
Signals > CH3 > BLUE secondary > Ancillary,Destination IP:,input,dst_ip_addr,dst_ip_addr,text,0.0.0.0,,,,,,False
Signals > CH3 > BLUE secondary > Ancillary,Destination Port:,input,dst_udp_port,dst_udp_port,text,0,,,,,,False
Signals > CH3 > BLUE secondary > Ancillary,Destination MAC:,input,dst_mac,dst_mac,text,01:00:5e:02:01:15,,,,,,True
Signals > CH3 > BLUE secondary > Ancillary,VLAN Tag:,input,vlan_tag,vlan_tag,text,0,,,,,,False
Signals > CH3 > BLUE secondary > Ancillary,Enable Flow:,mat-checkbox,network_enable,network_enable,,false,,,,,,False
Signals > CH3 > BLUE secondary > Ancillary,RTP Payload:,input,rtp_pt,rtp_pt,text,100,,,,,,False
Signals > CH3 > BLUE secondary > Ancillary,IGMP SRC IP:,input,igmp_src_ip,igmp_src_ip,text,0.0.0.0,,,,,,False
Signals > CH3 > BLUE secondary > Ancillary,Name:,input,name,name,text,rx ch3 flow 5 sec,,,,24,,False
Signals > CH3 > BLUE secondary > Ancillary,Tags:,input,tags,tags,text,rx ;,,,,,,False
Signals > CH3 > BLUE secondary > Ancillary,Label:,input,label,label,text,F:  2- 5- 1,,,,14,,False
Signals > CH3 > BLUE secondary > Ancillary,Use Name entry to set Label,mat-checkbox,mat-checkbox-56,,,false,,,,,,False
Signals > CH3 > BLUE secondary > Ancillary,Source IP:,mat-checkbox,pkt_filter_src_ip,pkt_filter_src_ip,,false,,,,,,False
Signals > CH3 > BLUE secondary > Ancillary,Source UDP Port:,mat-checkbox,pkt_filter_src_udp,pkt_filter_src_udp,,false,,,,,,False
Signals > CH3 > BLUE secondary > Ancillary,Source MAC:,mat-checkbox,pkt_filter_src_mac,pkt_filter_src_mac,,false,,,,,,False
Signals > CH3 > BLUE secondary > Ancillary,Destination IP:,mat-checkbox,pkt_filter_dst_ip,pkt_filter_dst_ip,,true,,,,,,False
Signals > CH3 > BLUE secondary > Ancillary,Destination UDP Port:,mat-checkbox,pkt_filter_dst_udp,pkt_filter_dst_udp,,false,,,,,,False
Signals > CH3 > BLUE secondary > Ancillary,Destination MAC:,mat-checkbox,pkt_filter_dst_mac,pkt_filter_dst_mac,,false,,,,,,False
Signals > CH3 > BLUE secondary > Ancillary,VLAN:,mat-checkbox,pkt_filter_vlan,pkt_filter_vlan,,false,,,,,,False
Signals > CH4 > RED primary > Video,Video Format:,select,video_format,video_format,,1080p50,1080p50 | 720p50 | 720p59.94 | 720p60 | 720p23.98 | 720p24 | 720p25 | 720p29.97 | 720p30 | 1080p23.98 | 1080psf23.98 | 1080p24 | 1080psf24 | 1080p25 | 1080psf25 | 1080p29.97 | 1080psf29.97 | 1080p30 | 1080psf30 | 1080i47.95 | 1080i48 | 1080i50 | 1080i59.94 | 1080i60 | 1080p59.94 | 1080p60 | 2048x1080p23.98 | 2048x1080p24 | 2048x1080p25 | 2048x1080p29.97 | 2048x1080p30 | 2048x1080p47.95 | 2048x1080p48 | 2048x1080p50 | 2048x1080p59.94 | 2048x1080p60 | 3840x2160p23.98 | 3840x2160p24 | 3840x2160p25 | 3840x2160p29.97 | 3840x2160p30 | 4096x2160p23.98 | 4096x2160p24 | 4096x2160p25 | 4096x2160p29.97 | 4096x2160p30 | 4096x2160p47.95 | 4096x2160p48 | 3840x2160p50 | 3840x2160p59.94 | 3840x2160p60 | 4096x2160p50 | 4096x2160p59.94 | 4096x2160p60,,,,,False
Signals > CH4 > RED primary > Video,Sampling:,mat-radio-group,,sampling,,4:2:2,4:2:2 | 4:4:4,,,,,False
Signals > CH4 > RED primary > Video,Bit Depth:,mat-radio-group,,bit_depth,,10 bits,10 bits | 12 bits,,,,,False
Signals > CH4 > RED primary > Video,Color Space:,mat-radio-group,,colorSpace,,YCbCr,YCbCr | RGB,,,,,False
Signals > CH4 > RED primary > Video,Colorimetry:,select,flow-colorimetry,colorimetry,,BT709,BT709 | BT2020 | BT2100,,,,,False
Signals > CH4 > RED primary > Video,Transfer Characteristics:,select,flow-tranfer_characteristics,tranferCharacteristics,,SDR,SDR | HLG | PQ,,,,,False
Signals > CH4 > RED primary > Video,Source IP:,input,src_ip_addr,src_ip_addr,text,10.6.40.50,,,,,,False
Signals > CH4 > RED primary > Video,Source Port:,input,src_udp_port,src_udp_port,text,0,,,,,,False
Signals > CH4 > RED primary > Video,Destination IP:,input,dst_ip_addr,dst_ip_addr,text,239.1.0.3,,,,,,False
Signals > CH4 > RED primary > Video,Destination Port:,input,dst_udp_port,dst_udp_port,text,20000,,,,,,False
Signals > CH4 > RED primary > Video,Destination MAC:,input,dst_mac,dst_mac,text,01:00:5e:01:00:03,,,,,,True
Signals > CH4 > RED primary > Video,VLAN Tag:,input,vlan_tag,vlan_tag,text,0,,,,,,False
Signals > CH4 > RED primary > Video,Enable Flow:,mat-checkbox,network_enable,network_enable,,true,,,,,,False
Signals > CH4 > RED primary > Video,RTP Payload:,input,rtp_pt,rtp_pt,text,96,,,,,,False
Signals > CH4 > RED primary > Video,IGMP SRC IP:,input,igmp_src_ip,igmp_src_ip,text,0.0.0.0,,,,,,False
Signals > CH4 > RED primary > Video,Sender Type:,select,sender_type,senderType,,Narrow,0=Narrow | 1=Wide,,,,,False
Signals > CH4 > RED primary > Video,Name:,input,name,name,text,rx ch4 flow 0 pri,,,,24,,False
Signals > CH4 > RED primary > Video,Tags:,input,tags,tags,text,rx;,,,,,,False
Signals > CH4 > RED primary > Video,Label:,input,label,label,text,F:  3- 0- 0,,,,14,,False
Signals > CH4 > RED primary > Video,Use Name entry to set Label,mat-checkbox,mat-checkbox-56,,,false,,,,,,False
Signals > CH4 > RED primary > Video,Source IP:,mat-checkbox,pkt_filter_src_ip,pkt_filter_src_ip,,true,,,,,,False
Signals > CH4 > RED primary > Video,Source UDP Port:,mat-checkbox,pkt_filter_src_udp,pkt_filter_src_udp,,false,,,,,,False
Signals > CH4 > RED primary > Video,Source MAC:,mat-checkbox,pkt_filter_src_mac,pkt_filter_src_mac,,false,,,,,,False
Signals > CH4 > RED primary > Video,Destination IP:,mat-checkbox,pkt_filter_dst_ip,pkt_filter_dst_ip,,true,,,,,,False
Signals > CH4 > RED primary > Video,Destination UDP Port:,mat-checkbox,pkt_filter_dst_udp,pkt_filter_dst_udp,,true,,,,,,False
Signals > CH4 > RED primary > Video,Destination MAC:,mat-checkbox,pkt_filter_dst_mac,pkt_filter_dst_mac,,false,,,,,,False
Signals > CH4 > RED primary > Video,VLAN:,mat-checkbox,pkt_filter_vlan,pkt_filter_vlan,,false,,,,,,False
Signals > CH4 > RED primary > Audio 1,Source IP:,input,src_ip_addr,src_ip_addr,text,0.0.0.0,,,,,,False
Signals > CH4 > RED primary > Audio 1,Source Port:,input,src_udp_port,src_udp_port,text,0,,,,,,False
Signals > CH4 > RED primary > Audio 1,Destination IP:,input,dst_ip_addr,dst_ip_addr,text,0.0.0.0,,,,,,False
Signals > CH4 > RED primary > Audio 1,Destination Port:,input,dst_udp_port,dst_udp_port,text,0,,,,,,False
Signals > CH4 > RED primary > Audio 1,Destination MAC:,input,dst_mac,dst_mac,text,01:00:5e:03:01:04,,,,,,True
Signals > CH4 > RED primary > Audio 1,VLAN Tag:,input,vlan_tag,vlan_tag,text,0,,,,,,False
Signals > CH4 > RED primary > Audio 1,Enable Flow:,mat-checkbox,network_enable,network_enable,,false,,,,,,False
Signals > CH4 > RED primary > Audio 1,RTP Payload:,input,rtp_pt,rtp_pt,text,97,,,,,,False
Signals > CH4 > RED primary > Audio 1,IGMP SRC IP:,input,igmp_src_ip,igmp_src_ip,text,0.0.0.0,,,,,,False
Signals > CH4 > RED primary > Audio 1,Name:,input,name,name,text,rx ch4 flow 1 pri,,,,24,,False
Signals > CH4 > RED primary > Audio 1,Tags:,input,tags,tags,text,rx ;,,,,,,False
Signals > CH4 > RED primary > Audio 1,Label:,input,label,label,text,F:  3- 1- 0,,,,14,,False
Signals > CH4 > RED primary > Audio 1,Use Name entry to set Label,mat-checkbox,mat-checkbox-56,,,false,,,,,,False
Signals > CH4 > RED primary > Audio 1,Nbr of SDI channels:,input,aud_chan_cnt,aud_chan_cnt,number,2,,0,16,,,False
Signals > CH4 > RED primary > Audio 1,Audio Format:,select,aud-format,aud_format,,Uncompressed,dash-30=Uncompressed | dash-31=Compressed,,,,,False
Signals > CH4 > RED primary > Audio 1,Packet Time:,select,aud_ptime_idx,packetTime,,1 ms,0=1 ms | 1=125 μs | 2=250 μs | 3=333 μs | 5=500 μs,,,,,False
Signals > CH4 > RED primary > Audio 1,Source IP:,mat-checkbox,pkt_filter_src_ip,pkt_filter_src_ip,,false,,,,,,False
Signals > CH4 > RED primary > Audio 1,Source UDP Port:,mat-checkbox,pkt_filter_src_udp,pkt_filter_src_udp,,false,,,,,,False
Signals > CH4 > RED primary > Audio 1,Source MAC:,mat-checkbox,pkt_filter_src_mac,pkt_filter_src_mac,,false,,,,,,False
Signals > CH4 > RED primary > Audio 1,Destination IP:,mat-checkbox,pkt_filter_dst_ip,pkt_filter_dst_ip,,true,,,,,,False
Signals > CH4 > RED primary > Audio 1,Destination UDP Port:,mat-checkbox,pkt_filter_dst_udp,pkt_filter_dst_udp,,false,,,,,,False
Signals > CH4 > RED primary > Audio 1,Destination MAC:,mat-checkbox,pkt_filter_dst_mac,pkt_filter_dst_mac,,false,,,,,,False
Signals > CH4 > RED primary > Audio 1,VLAN:,mat-checkbox,pkt_filter_vlan,pkt_filter_vlan,,false,,,,,,False
Signals > CH4 > RED primary > Audio 2,Source IP:,input,src_ip_addr,src_ip_addr,text,0.0.0.0,,,,,,False
Signals > CH4 > RED primary > Audio 2,Source Port:,input,src_udp_port,src_udp_port,text,0,,,,,,False
Signals > CH4 > RED primary > Audio 2,Destination IP:,input,dst_ip_addr,dst_ip_addr,text,0.0.0.0,,,,,,False
Signals > CH4 > RED primary > Audio 2,Destination Port:,input,dst_udp_port,dst_udp_port,text,0,,,,,,False
Signals > CH4 > RED primary > Audio 2,Destination MAC:,input,dst_mac,dst_mac,text,01:00:5e:03:01:06,,,,,,True
Signals > CH4 > RED primary > Audio 2,VLAN Tag:,input,vlan_tag,vlan_tag,text,0,,,,,,False
Signals > CH4 > RED primary > Audio 2,Enable Flow:,mat-checkbox,network_enable,network_enable,,false,,,,,,False
Signals > CH4 > RED primary > Audio 2,RTP Payload:,input,rtp_pt,rtp_pt,text,97,,,,,,False
Signals > CH4 > RED primary > Audio 2,IGMP SRC IP:,input,igmp_src_ip,igmp_src_ip,text,0.0.0.0,,,,,,False
Signals > CH4 > RED primary > Audio 2,Name:,input,name,name,text,rx ch4 flow 2 pri,,,,24,,False
Signals > CH4 > RED primary > Audio 2,Tags:,input,tags,tags,text,rx ;,,,,,,False
Signals > CH4 > RED primary > Audio 2,Label:,input,label,label,text,F:  3- 2- 0,,,,14,,False
Signals > CH4 > RED primary > Audio 2,Use Name entry to set Label,mat-checkbox,mat-checkbox-56,,,false,,,,,,False
Signals > CH4 > RED primary > Audio 2,Nbr of SDI channels:,input,aud_chan_cnt,aud_chan_cnt,number,2,,0,16,,,False
Signals > CH4 > RED primary > Audio 2,Audio Format:,select,aud-format,aud_format,,Uncompressed,dash-30=Uncompressed | dash-31=Compressed,,,,,False
Signals > CH4 > RED primary > Audio 2,Packet Time:,select,aud_ptime_idx,packetTime,,1 ms,0=1 ms | 1=125 μs | 2=250 μs | 3=333 μs | 5=500 μs,,,,,False
Signals > CH4 > RED primary > Audio 2,Source IP:,mat-checkbox,pkt_filter_src_ip,pkt_filter_src_ip,,false,,,,,,False
Signals > CH4 > RED primary > Audio 2,Source UDP Port:,mat-checkbox,pkt_filter_src_udp,pkt_filter_src_udp,,false,,,,,,False
Signals > CH4 > RED primary > Audio 2,Source MAC:,mat-checkbox,pkt_filter_src_mac,pkt_filter_src_mac,,false,,,,,,False
Signals > CH4 > RED primary > Audio 2,Destination IP:,mat-checkbox,pkt_filter_dst_ip,pkt_filter_dst_ip,,true,,,,,,False
Signals > CH4 > RED primary > Audio 2,Destination UDP Port:,mat-checkbox,pkt_filter_dst_udp,pkt_filter_dst_udp,,false,,,,,,False
Signals > CH4 > RED primary > Audio 2,Destination MAC:,mat-checkbox,pkt_filter_dst_mac,pkt_filter_dst_mac,,false,,,,,,False
Signals > CH4 > RED primary > Audio 2,VLAN:,mat-checkbox,pkt_filter_vlan,pkt_filter_vlan,,false,,,,,,False
Signals > CH4 > RED primary > Audio 3,Source IP:,input,src_ip_addr,src_ip_addr,text,0.0.0.0,,,,,,False
Signals > CH4 > RED primary > Audio 3,Source Port:,input,src_udp_port,src_udp_port,text,0,,,,,,False
Signals > CH4 > RED primary > Audio 3,Destination IP:,input,dst_ip_addr,dst_ip_addr,text,0.0.0.0,,,,,,False
Signals > CH4 > RED primary > Audio 3,Destination Port:,input,dst_udp_port,dst_udp_port,text,0,,,,,,False
Signals > CH4 > RED primary > Audio 3,Destination MAC:,input,dst_mac,dst_mac,text,01:00:5e:03:01:08,,,,,,True
Signals > CH4 > RED primary > Audio 3,VLAN Tag:,input,vlan_tag,vlan_tag,text,0,,,,,,False
Signals > CH4 > RED primary > Audio 3,Enable Flow:,mat-checkbox,network_enable,network_enable,,false,,,,,,False
Signals > CH4 > RED primary > Audio 3,RTP Payload:,input,rtp_pt,rtp_pt,text,97,,,,,,False
Signals > CH4 > RED primary > Audio 3,IGMP SRC IP:,input,igmp_src_ip,igmp_src_ip,text,0.0.0.0,,,,,,False
Signals > CH4 > RED primary > Audio 3,Name:,input,name,name,text,rx ch4 flow 3 pri,,,,24,,False
Signals > CH4 > RED primary > Audio 3,Tags:,input,tags,tags,text,rx ;,,,,,,False
Signals > CH4 > RED primary > Audio 3,Label:,input,label,label,text,F:  3- 3- 0,,,,14,,False
Signals > CH4 > RED primary > Audio 3,Use Name entry to set Label,mat-checkbox,mat-checkbox-56,,,false,,,,,,False
Signals > CH4 > RED primary > Audio 3,Nbr of SDI channels:,input,aud_chan_cnt,aud_chan_cnt,number,2,,0,16,,,False
Signals > CH4 > RED primary > Audio 3,Audio Format:,select,aud-format,aud_format,,Uncompressed,dash-30=Uncompressed | dash-31=Compressed,,,,,False
Signals > CH4 > RED primary > Audio 3,Packet Time:,select,aud_ptime_idx,packetTime,,1 ms,0=1 ms | 1=125 μs | 2=250 μs | 3=333 μs | 5=500 μs,,,,,False
Signals > CH4 > RED primary > Audio 3,Source IP:,mat-checkbox,pkt_filter_src_ip,pkt_filter_src_ip,,false,,,,,,False
Signals > CH4 > RED primary > Audio 3,Source UDP Port:,mat-checkbox,pkt_filter_src_udp,pkt_filter_src_udp,,false,,,,,,False
Signals > CH4 > RED primary > Audio 3,Source MAC:,mat-checkbox,pkt_filter_src_mac,pkt_filter_src_mac,,false,,,,,,False
Signals > CH4 > RED primary > Audio 3,Destination IP:,mat-checkbox,pkt_filter_dst_ip,pkt_filter_dst_ip,,true,,,,,,False
Signals > CH4 > RED primary > Audio 3,Destination UDP Port:,mat-checkbox,pkt_filter_dst_udp,pkt_filter_dst_udp,,false,,,,,,False
Signals > CH4 > RED primary > Audio 3,Destination MAC:,mat-checkbox,pkt_filter_dst_mac,pkt_filter_dst_mac,,false,,,,,,False
Signals > CH4 > RED primary > Audio 3,VLAN:,mat-checkbox,pkt_filter_vlan,pkt_filter_vlan,,false,,,,,,False
Signals > CH4 > RED primary > Audio 4,Source IP:,input,src_ip_addr,src_ip_addr,text,0.0.0.0,,,,,,False
Signals > CH4 > RED primary > Audio 4,Source Port:,input,src_udp_port,src_udp_port,text,0,,,,,,False
Signals > CH4 > RED primary > Audio 4,Destination IP:,input,dst_ip_addr,dst_ip_addr,text,0.0.0.0,,,,,,False
Signals > CH4 > RED primary > Audio 4,Destination Port:,input,dst_udp_port,dst_udp_port,text,0,,,,,,False
Signals > CH4 > RED primary > Audio 4,Destination MAC:,input,dst_mac,dst_mac,text,01:00:5e:03:01:0a,,,,,,True
Signals > CH4 > RED primary > Audio 4,VLAN Tag:,input,vlan_tag,vlan_tag,text,0,,,,,,False
Signals > CH4 > RED primary > Audio 4,Enable Flow:,mat-checkbox,network_enable,network_enable,,false,,,,,,False
Signals > CH4 > RED primary > Audio 4,RTP Payload:,input,rtp_pt,rtp_pt,text,97,,,,,,False
Signals > CH4 > RED primary > Audio 4,IGMP SRC IP:,input,igmp_src_ip,igmp_src_ip,text,0.0.0.0,,,,,,False
Signals > CH4 > RED primary > Audio 4,Name:,input,name,name,text,rx ch4 flow 4 pri,,,,24,,False
Signals > CH4 > RED primary > Audio 4,Tags:,input,tags,tags,text,rx ;,,,,,,False
Signals > CH4 > RED primary > Audio 4,Label:,input,label,label,text,F:  3- 4- 0,,,,14,,False
Signals > CH4 > RED primary > Audio 4,Use Name entry to set Label,mat-checkbox,mat-checkbox-56,,,false,,,,,,False
Signals > CH4 > RED primary > Audio 4,Nbr of SDI channels:,input,aud_chan_cnt,aud_chan_cnt,number,2,,0,16,,,False
Signals > CH4 > RED primary > Audio 4,Audio Format:,select,aud-format,aud_format,,Uncompressed,dash-30=Uncompressed | dash-31=Compressed,,,,,False
Signals > CH4 > RED primary > Audio 4,Packet Time:,select,aud_ptime_idx,packetTime,,1 ms,0=1 ms | 1=125 μs | 2=250 μs | 3=333 μs | 5=500 μs,,,,,False
Signals > CH4 > RED primary > Audio 4,Source IP:,mat-checkbox,pkt_filter_src_ip,pkt_filter_src_ip,,false,,,,,,False
Signals > CH4 > RED primary > Audio 4,Source UDP Port:,mat-checkbox,pkt_filter_src_udp,pkt_filter_src_udp,,false,,,,,,False
Signals > CH4 > RED primary > Audio 4,Source MAC:,mat-checkbox,pkt_filter_src_mac,pkt_filter_src_mac,,false,,,,,,False
Signals > CH4 > RED primary > Audio 4,Destination IP:,mat-checkbox,pkt_filter_dst_ip,pkt_filter_dst_ip,,true,,,,,,False
Signals > CH4 > RED primary > Audio 4,Destination UDP Port:,mat-checkbox,pkt_filter_dst_udp,pkt_filter_dst_udp,,false,,,,,,False
Signals > CH4 > RED primary > Audio 4,Destination MAC:,mat-checkbox,pkt_filter_dst_mac,pkt_filter_dst_mac,,false,,,,,,False
Signals > CH4 > RED primary > Audio 4,VLAN:,mat-checkbox,pkt_filter_vlan,pkt_filter_vlan,,false,,,,,,False
Signals > CH4 > RED primary > Ancillary,Source IP:,input,src_ip_addr,src_ip_addr,text,0.0.0.0,,,,,,False
Signals > CH4 > RED primary > Ancillary,Source Port:,input,src_udp_port,src_udp_port,text,0,,,,,,False
Signals > CH4 > RED primary > Ancillary,Destination IP:,input,dst_ip_addr,dst_ip_addr,text,0.0.0.0,,,,,,False
Signals > CH4 > RED primary > Ancillary,Destination Port:,input,dst_udp_port,dst_udp_port,text,0,,,,,,False
Signals > CH4 > RED primary > Ancillary,Destination MAC:,input,dst_mac,dst_mac,text,01:00:5e:03:01:14,,,,,,True
Signals > CH4 > RED primary > Ancillary,VLAN Tag:,input,vlan_tag,vlan_tag,text,0,,,,,,False
Signals > CH4 > RED primary > Ancillary,Enable Flow:,mat-checkbox,network_enable,network_enable,,false,,,,,,False
Signals > CH4 > RED primary > Ancillary,RTP Payload:,input,rtp_pt,rtp_pt,text,100,,,,,,False
Signals > CH4 > RED primary > Ancillary,IGMP SRC IP:,input,igmp_src_ip,igmp_src_ip,text,0.0.0.0,,,,,,False
Signals > CH4 > RED primary > Ancillary,Name:,input,name,name,text,rx ch4 flow 5 pri,,,,24,,False
Signals > CH4 > RED primary > Ancillary,Tags:,input,tags,tags,text,rx ;,,,,,,False
Signals > CH4 > RED primary > Ancillary,Label:,input,label,label,text,F:  3- 5- 0,,,,14,,False
Signals > CH4 > RED primary > Ancillary,Use Name entry to set Label,mat-checkbox,mat-checkbox-56,,,false,,,,,,False
Signals > CH4 > RED primary > Ancillary,Source IP:,mat-checkbox,pkt_filter_src_ip,pkt_filter_src_ip,,false,,,,,,False
Signals > CH4 > RED primary > Ancillary,Source UDP Port:,mat-checkbox,pkt_filter_src_udp,pkt_filter_src_udp,,false,,,,,,False
Signals > CH4 > RED primary > Ancillary,Source MAC:,mat-checkbox,pkt_filter_src_mac,pkt_filter_src_mac,,false,,,,,,False
Signals > CH4 > RED primary > Ancillary,Destination IP:,mat-checkbox,pkt_filter_dst_ip,pkt_filter_dst_ip,,true,,,,,,False
Signals > CH4 > RED primary > Ancillary,Destination UDP Port:,mat-checkbox,pkt_filter_dst_udp,pkt_filter_dst_udp,,false,,,,,,False
Signals > CH4 > RED primary > Ancillary,Destination MAC:,mat-checkbox,pkt_filter_dst_mac,pkt_filter_dst_mac,,false,,,,,,False
Signals > CH4 > RED primary > Ancillary,VLAN:,mat-checkbox,pkt_filter_vlan,pkt_filter_vlan,,false,,,,,,False
Signals > CH4 > BLUE secondary > Video,Video Format:,select,video_format,video_format,,1080p50,1080p50 | 720p50 | 720p59.94 | 720p60 | 720p23.98 | 720p24 | 720p25 | 720p29.97 | 720p30 | 1080p23.98 | 1080psf23.98 | 1080p24 | 1080psf24 | 1080p25 | 1080psf25 | 1080p29.97 | 1080psf29.97 | 1080p30 | 1080psf30 | 1080i47.95 | 1080i48 | 1080i50 | 1080i59.94 | 1080i60 | 1080p59.94 | 1080p60 | 2048x1080p23.98 | 2048x1080p24 | 2048x1080p25 | 2048x1080p29.97 | 2048x1080p30 | 2048x1080p47.95 | 2048x1080p48 | 2048x1080p50 | 2048x1080p59.94 | 2048x1080p60 | 3840x2160p23.98 | 3840x2160p24 | 3840x2160p25 | 3840x2160p29.97 | 3840x2160p30 | 4096x2160p23.98 | 4096x2160p24 | 4096x2160p25 | 4096x2160p29.97 | 4096x2160p30 | 4096x2160p47.95 | 4096x2160p48 | 3840x2160p50 | 3840x2160p59.94 | 3840x2160p60 | 4096x2160p50 | 4096x2160p59.94 | 4096x2160p60,,,,,False
Signals > CH4 > BLUE secondary > Video,Sampling:,mat-radio-group,,sampling,,4:2:2,4:2:2 | 4:4:4,,,,,False
Signals > CH4 > BLUE secondary > Video,Bit Depth:,mat-radio-group,,bit_depth,,10 bits,10 bits | 12 bits,,,,,False
Signals > CH4 > BLUE secondary > Video,Color Space:,mat-radio-group,,colorSpace,,YCbCr,YCbCr | RGB,,,,,False
Signals > CH4 > BLUE secondary > Video,Colorimetry:,select,flow-colorimetry,colorimetry,,BT709,BT709 | BT2020 | BT2100,,,,,False
Signals > CH4 > BLUE secondary > Video,Transfer Characteristics:,select,flow-tranfer_characteristics,tranferCharacteristics,,SDR,SDR | HLG | PQ,,,,,False
Signals > CH4 > BLUE secondary > Video,Source IP:,input,src_ip_addr,src_ip_addr,text,10.7.40.50,,,,,,False
Signals > CH4 > BLUE secondary > Video,Source Port:,input,src_udp_port,src_udp_port,text,0,,,,,,False
Signals > CH4 > BLUE secondary > Video,Destination IP:,input,dst_ip_addr,dst_ip_addr,text,239.65.0.3,,,,,,False
Signals > CH4 > BLUE secondary > Video,Destination Port:,input,dst_udp_port,dst_udp_port,text,20000,,,,,,False
Signals > CH4 > BLUE secondary > Video,Destination MAC:,input,dst_mac,dst_mac,text,01:00:5e:41:00:03,,,,,,True
Signals > CH4 > BLUE secondary > Video,VLAN Tag:,input,vlan_tag,vlan_tag,text,0,,,,,,False
Signals > CH4 > BLUE secondary > Video,Enable Flow:,mat-checkbox,network_enable,network_enable,,true,,,,,,False
Signals > CH4 > BLUE secondary > Video,RTP Payload:,input,rtp_pt,rtp_pt,text,96,,,,,,False
Signals > CH4 > BLUE secondary > Video,IGMP SRC IP:,input,igmp_src_ip,igmp_src_ip,text,0.0.0.0,,,,,,False
Signals > CH4 > BLUE secondary > Video,Sender Type:,select,sender_type,senderType,,Narrow,0=Narrow | 1=Wide,,,,,False
Signals > CH4 > BLUE secondary > Video,Name:,input,name,name,text,rx ch4 flow 0 sec,,,,24,,False
Signals > CH4 > BLUE secondary > Video,Tags:,input,tags,tags,text,rx ;,,,,,,False
Signals > CH4 > BLUE secondary > Video,Label:,input,label,label,text,F:  3- 0- 1,,,,14,,False
Signals > CH4 > BLUE secondary > Video,Use Name entry to set Label,mat-checkbox,mat-checkbox-56,,,false,,,,,,False
Signals > CH4 > BLUE secondary > Video,Source IP:,mat-checkbox,pkt_filter_src_ip,pkt_filter_src_ip,,true,,,,,,False
Signals > CH4 > BLUE secondary > Video,Source UDP Port:,mat-checkbox,pkt_filter_src_udp,pkt_filter_src_udp,,false,,,,,,False
Signals > CH4 > BLUE secondary > Video,Source MAC:,mat-checkbox,pkt_filter_src_mac,pkt_filter_src_mac,,false,,,,,,False
Signals > CH4 > BLUE secondary > Video,Destination IP:,mat-checkbox,pkt_filter_dst_ip,pkt_filter_dst_ip,,true,,,,,,False
Signals > CH4 > BLUE secondary > Video,Destination UDP Port:,mat-checkbox,pkt_filter_dst_udp,pkt_filter_dst_udp,,true,,,,,,False
Signals > CH4 > BLUE secondary > Video,Destination MAC:,mat-checkbox,pkt_filter_dst_mac,pkt_filter_dst_mac,,false,,,,,,False
Signals > CH4 > BLUE secondary > Video,VLAN:,mat-checkbox,pkt_filter_vlan,pkt_filter_vlan,,false,,,,,,False
Signals > CH4 > BLUE secondary > Audio 1,Source IP:,input,src_ip_addr,src_ip_addr,text,0.0.0.0,,,,,,False
Signals > CH4 > BLUE secondary > Audio 1,Source Port:,input,src_udp_port,src_udp_port,text,0,,,,,,False
Signals > CH4 > BLUE secondary > Audio 1,Destination IP:,input,dst_ip_addr,dst_ip_addr,text,0.0.0.0,,,,,,False
Signals > CH4 > BLUE secondary > Audio 1,Destination Port:,input,dst_udp_port,dst_udp_port,text,0,,,,,,False
Signals > CH4 > BLUE secondary > Audio 1,Destination MAC:,input,dst_mac,dst_mac,text,01:00:5e:03:01:05,,,,,,True
Signals > CH4 > BLUE secondary > Audio 1,VLAN Tag:,input,vlan_tag,vlan_tag,text,0,,,,,,False
Signals > CH4 > BLUE secondary > Audio 1,Enable Flow:,mat-checkbox,network_enable,network_enable,,false,,,,,,False
Signals > CH4 > BLUE secondary > Audio 1,RTP Payload:,input,rtp_pt,rtp_pt,text,97,,,,,,False
Signals > CH4 > BLUE secondary > Audio 1,IGMP SRC IP:,input,igmp_src_ip,igmp_src_ip,text,0.0.0.0,,,,,,False
Signals > CH4 > BLUE secondary > Audio 1,Name:,input,name,name,text,rx ch4 flow 1 sec,,,,24,,False
Signals > CH4 > BLUE secondary > Audio 1,Tags:,input,tags,tags,text,rx ;,,,,,,False
Signals > CH4 > BLUE secondary > Audio 1,Label:,input,label,label,text,F:  3- 1- 1,,,,14,,False
Signals > CH4 > BLUE secondary > Audio 1,Use Name entry to set Label,mat-checkbox,mat-checkbox-56,,,false,,,,,,False
Signals > CH4 > BLUE secondary > Audio 1,Nbr of SDI channels:,input,aud_chan_cnt,aud_chan_cnt,number,2,,0,16,,,False
Signals > CH4 > BLUE secondary > Audio 1,Audio Format:,select,aud-format,aud_format,,Uncompressed,dash-30=Uncompressed | dash-31=Compressed,,,,,False
Signals > CH4 > BLUE secondary > Audio 1,Packet Time:,select,aud_ptime_idx,packetTime,,1 ms,0=1 ms | 1=125 μs | 2=250 μs | 3=333 μs | 5=500 μs,,,,,False
Signals > CH4 > BLUE secondary > Audio 1,Source IP:,mat-checkbox,pkt_filter_src_ip,pkt_filter_src_ip,,false,,,,,,False
Signals > CH4 > BLUE secondary > Audio 1,Source UDP Port:,mat-checkbox,pkt_filter_src_udp,pkt_filter_src_udp,,false,,,,,,False
Signals > CH4 > BLUE secondary > Audio 1,Source MAC:,mat-checkbox,pkt_filter_src_mac,pkt_filter_src_mac,,false,,,,,,False
Signals > CH4 > BLUE secondary > Audio 1,Destination IP:,mat-checkbox,pkt_filter_dst_ip,pkt_filter_dst_ip,,true,,,,,,False
Signals > CH4 > BLUE secondary > Audio 1,Destination UDP Port:,mat-checkbox,pkt_filter_dst_udp,pkt_filter_dst_udp,,false,,,,,,False
Signals > CH4 > BLUE secondary > Audio 1,Destination MAC:,mat-checkbox,pkt_filter_dst_mac,pkt_filter_dst_mac,,false,,,,,,False
Signals > CH4 > BLUE secondary > Audio 1,VLAN:,mat-checkbox,pkt_filter_vlan,pkt_filter_vlan,,false,,,,,,False
Signals > CH4 > BLUE secondary > Audio 2,Source IP:,input,src_ip_addr,src_ip_addr,text,0.0.0.0,,,,,,False
Signals > CH4 > BLUE secondary > Audio 2,Source Port:,input,src_udp_port,src_udp_port,text,0,,,,,,False
Signals > CH4 > BLUE secondary > Audio 2,Destination IP:,input,dst_ip_addr,dst_ip_addr,text,0.0.0.0,,,,,,False
Signals > CH4 > BLUE secondary > Audio 2,Destination Port:,input,dst_udp_port,dst_udp_port,text,0,,,,,,False
Signals > CH4 > BLUE secondary > Audio 2,Destination MAC:,input,dst_mac,dst_mac,text,01:00:5e:03:01:07,,,,,,True
Signals > CH4 > BLUE secondary > Audio 2,VLAN Tag:,input,vlan_tag,vlan_tag,text,0,,,,,,False
Signals > CH4 > BLUE secondary > Audio 2,Enable Flow:,mat-checkbox,network_enable,network_enable,,false,,,,,,False
Signals > CH4 > BLUE secondary > Audio 2,RTP Payload:,input,rtp_pt,rtp_pt,text,97,,,,,,False
Signals > CH4 > BLUE secondary > Audio 2,IGMP SRC IP:,input,igmp_src_ip,igmp_src_ip,text,0.0.0.0,,,,,,False
Signals > CH4 > BLUE secondary > Audio 2,Name:,input,name,name,text,rx ch4 flow 2 sec,,,,24,,False
Signals > CH4 > BLUE secondary > Audio 2,Tags:,input,tags,tags,text,rx ;,,,,,,False
Signals > CH4 > BLUE secondary > Audio 2,Label:,input,label,label,text,F:  3- 2- 1,,,,14,,False
Signals > CH4 > BLUE secondary > Audio 2,Use Name entry to set Label,mat-checkbox,mat-checkbox-56,,,false,,,,,,False
Signals > CH4 > BLUE secondary > Audio 2,Nbr of SDI channels:,input,aud_chan_cnt,aud_chan_cnt,number,2,,0,16,,,False
Signals > CH4 > BLUE secondary > Audio 2,Audio Format:,select,aud-format,aud_format,,Uncompressed,dash-30=Uncompressed | dash-31=Compressed,,,,,False
Signals > CH4 > BLUE secondary > Audio 2,Packet Time:,select,aud_ptime_idx,packetTime,,1 ms,0=1 ms | 1=125 μs | 2=250 μs | 3=333 μs | 5=500 μs,,,,,False
Signals > CH4 > BLUE secondary > Audio 2,Source IP:,mat-checkbox,pkt_filter_src_ip,pkt_filter_src_ip,,false,,,,,,False
Signals > CH4 > BLUE secondary > Audio 2,Source UDP Port:,mat-checkbox,pkt_filter_src_udp,pkt_filter_src_udp,,false,,,,,,False
Signals > CH4 > BLUE secondary > Audio 2,Source MAC:,mat-checkbox,pkt_filter_src_mac,pkt_filter_src_mac,,false,,,,,,False
Signals > CH4 > BLUE secondary > Audio 2,Destination IP:,mat-checkbox,pkt_filter_dst_ip,pkt_filter_dst_ip,,true,,,,,,False
Signals > CH4 > BLUE secondary > Audio 2,Destination UDP Port:,mat-checkbox,pkt_filter_dst_udp,pkt_filter_dst_udp,,false,,,,,,False
Signals > CH4 > BLUE secondary > Audio 2,Destination MAC:,mat-checkbox,pkt_filter_dst_mac,pkt_filter_dst_mac,,false,,,,,,False
Signals > CH4 > BLUE secondary > Audio 2,VLAN:,mat-checkbox,pkt_filter_vlan,pkt_filter_vlan,,false,,,,,,False
Signals > CH4 > BLUE secondary > Audio 3,Source IP:,input,src_ip_addr,src_ip_addr,text,0.0.0.0,,,,,,False
Signals > CH4 > BLUE secondary > Audio 3,Source Port:,input,src_udp_port,src_udp_port,text,0,,,,,,False
Signals > CH4 > BLUE secondary > Audio 3,Destination IP:,input,dst_ip_addr,dst_ip_addr,text,0.0.0.0,,,,,,False
Signals > CH4 > BLUE secondary > Audio 3,Destination Port:,input,dst_udp_port,dst_udp_port,text,0,,,,,,False
Signals > CH4 > BLUE secondary > Audio 3,Destination MAC:,input,dst_mac,dst_mac,text,01:00:5e:03:01:09,,,,,,True
Signals > CH4 > BLUE secondary > Audio 3,VLAN Tag:,input,vlan_tag,vlan_tag,text,0,,,,,,False
Signals > CH4 > BLUE secondary > Audio 3,Enable Flow:,mat-checkbox,network_enable,network_enable,,false,,,,,,False
Signals > CH4 > BLUE secondary > Audio 3,RTP Payload:,input,rtp_pt,rtp_pt,text,97,,,,,,False
Signals > CH4 > BLUE secondary > Audio 3,IGMP SRC IP:,input,igmp_src_ip,igmp_src_ip,text,0.0.0.0,,,,,,False
Signals > CH4 > BLUE secondary > Audio 3,Name:,input,name,name,text,rx ch4 flow 3 sec,,,,24,,False
Signals > CH4 > BLUE secondary > Audio 3,Tags:,input,tags,tags,text,rx ;,,,,,,False
Signals > CH4 > BLUE secondary > Audio 3,Label:,input,label,label,text,F:  3- 3- 1,,,,14,,False
Signals > CH4 > BLUE secondary > Audio 3,Use Name entry to set Label,mat-checkbox,mat-checkbox-56,,,false,,,,,,False
Signals > CH4 > BLUE secondary > Audio 3,Nbr of SDI channels:,input,aud_chan_cnt,aud_chan_cnt,number,2,,0,16,,,False
Signals > CH4 > BLUE secondary > Audio 3,Audio Format:,select,aud-format,aud_format,,Uncompressed,dash-30=Uncompressed | dash-31=Compressed,,,,,False
Signals > CH4 > BLUE secondary > Audio 3,Packet Time:,select,aud_ptime_idx,packetTime,,1 ms,0=1 ms | 1=125 μs | 2=250 μs | 3=333 μs | 5=500 μs,,,,,False
Signals > CH4 > BLUE secondary > Audio 3,Source IP:,mat-checkbox,pkt_filter_src_ip,pkt_filter_src_ip,,false,,,,,,False
Signals > CH4 > BLUE secondary > Audio 3,Source UDP Port:,mat-checkbox,pkt_filter_src_udp,pkt_filter_src_udp,,false,,,,,,False
Signals > CH4 > BLUE secondary > Audio 3,Source MAC:,mat-checkbox,pkt_filter_src_mac,pkt_filter_src_mac,,false,,,,,,False
Signals > CH4 > BLUE secondary > Audio 3,Destination IP:,mat-checkbox,pkt_filter_dst_ip,pkt_filter_dst_ip,,true,,,,,,False
Signals > CH4 > BLUE secondary > Audio 3,Destination UDP Port:,mat-checkbox,pkt_filter_dst_udp,pkt_filter_dst_udp,,false,,,,,,False
Signals > CH4 > BLUE secondary > Audio 3,Destination MAC:,mat-checkbox,pkt_filter_dst_mac,pkt_filter_dst_mac,,false,,,,,,False
Signals > CH4 > BLUE secondary > Audio 3,VLAN:,mat-checkbox,pkt_filter_vlan,pkt_filter_vlan,,false,,,,,,False
Signals > CH4 > BLUE secondary > Audio 4,Source IP:,input,src_ip_addr,src_ip_addr,text,0.0.0.0,,,,,,False
Signals > CH4 > BLUE secondary > Audio 4,Source Port:,input,src_udp_port,src_udp_port,text,0,,,,,,False
Signals > CH4 > BLUE secondary > Audio 4,Destination IP:,input,dst_ip_addr,dst_ip_addr,text,0.0.0.0,,,,,,False
Signals > CH4 > BLUE secondary > Audio 4,Destination Port:,input,dst_udp_port,dst_udp_port,text,0,,,,,,False
Signals > CH4 > BLUE secondary > Audio 4,Destination MAC:,input,dst_mac,dst_mac,text,01:00:5e:03:01:0b,,,,,,True
Signals > CH4 > BLUE secondary > Audio 4,VLAN Tag:,input,vlan_tag,vlan_tag,text,0,,,,,,False
Signals > CH4 > BLUE secondary > Audio 4,Enable Flow:,mat-checkbox,network_enable,network_enable,,false,,,,,,False
Signals > CH4 > BLUE secondary > Audio 4,RTP Payload:,input,rtp_pt,rtp_pt,text,97,,,,,,False
Signals > CH4 > BLUE secondary > Audio 4,IGMP SRC IP:,input,igmp_src_ip,igmp_src_ip,text,0.0.0.0,,,,,,False
Signals > CH4 > BLUE secondary > Audio 4,Name:,input,name,name,text,rx ch4 flow 4 sec,,,,24,,False
Signals > CH4 > BLUE secondary > Audio 4,Tags:,input,tags,tags,text,rx ;,,,,,,False
Signals > CH4 > BLUE secondary > Audio 4,Label:,input,label,label,text,F:  3- 4- 1,,,,14,,False
Signals > CH4 > BLUE secondary > Audio 4,Use Name entry to set Label,mat-checkbox,mat-checkbox-56,,,false,,,,,,False
Signals > CH4 > BLUE secondary > Audio 4,Nbr of SDI channels:,input,aud_chan_cnt,aud_chan_cnt,number,2,,0,16,,,False
Signals > CH4 > BLUE secondary > Audio 4,Audio Format:,select,aud-format,aud_format,,Uncompressed,dash-30=Uncompressed | dash-31=Compressed,,,,,False
Signals > CH4 > BLUE secondary > Audio 4,Packet Time:,select,aud_ptime_idx,packetTime,,1 ms,0=1 ms | 1=125 μs | 2=250 μs | 3=333 μs | 5=500 μs,,,,,False
Signals > CH4 > BLUE secondary > Audio 4,Source IP:,mat-checkbox,pkt_filter_src_ip,pkt_filter_src_ip,,false,,,,,,False
Signals > CH4 > BLUE secondary > Audio 4,Source UDP Port:,mat-checkbox,pkt_filter_src_udp,pkt_filter_src_udp,,false,,,,,,False
Signals > CH4 > BLUE secondary > Audio 4,Source MAC:,mat-checkbox,pkt_filter_src_mac,pkt_filter_src_mac,,false,,,,,,False
Signals > CH4 > BLUE secondary > Audio 4,Destination IP:,mat-checkbox,pkt_filter_dst_ip,pkt_filter_dst_ip,,true,,,,,,False
Signals > CH4 > BLUE secondary > Audio 4,Destination UDP Port:,mat-checkbox,pkt_filter_dst_udp,pkt_filter_dst_udp,,false,,,,,,False
Signals > CH4 > BLUE secondary > Audio 4,Destination MAC:,mat-checkbox,pkt_filter_dst_mac,pkt_filter_dst_mac,,false,,,,,,False
Signals > CH4 > BLUE secondary > Audio 4,VLAN:,mat-checkbox,pkt_filter_vlan,pkt_filter_vlan,,false,,,,,,False
Signals > CH4 > BLUE secondary > Ancillary,Source IP:,input,src_ip_addr,src_ip_addr,text,0.0.0.0,,,,,,False
Signals > CH4 > BLUE secondary > Ancillary,Source Port:,input,src_udp_port,src_udp_port,text,0,,,,,,False
Signals > CH4 > BLUE secondary > Ancillary,Destination IP:,input,dst_ip_addr,dst_ip_addr,text,0.0.0.0,,,,,,False
Signals > CH4 > BLUE secondary > Ancillary,Destination Port:,input,dst_udp_port,dst_udp_port,text,0,,,,,,False
Signals > CH4 > BLUE secondary > Ancillary,Destination MAC:,input,dst_mac,dst_mac,text,01:00:5e:03:01:15,,,,,,True
Signals > CH4 > BLUE secondary > Ancillary,VLAN Tag:,input,vlan_tag,vlan_tag,text,0,,,,,,False
Signals > CH4 > BLUE secondary > Ancillary,Enable Flow:,mat-checkbox,network_enable,network_enable,,false,,,,,,False
Signals > CH4 > BLUE secondary > Ancillary,RTP Payload:,input,rtp_pt,rtp_pt,text,100,,,,,,False
Signals > CH4 > BLUE secondary > Ancillary,IGMP SRC IP:,input,igmp_src_ip,igmp_src_ip,text,0.0.0.0,,,,,,False
Signals > CH4 > BLUE secondary > Ancillary,Name:,input,name,name,text,rx ch4 flow 5 sec,,,,24,,False
Signals > CH4 > BLUE secondary > Ancillary,Tags:,input,tags,tags,text,rx ;,,,,,,False
Signals > CH4 > BLUE secondary > Ancillary,Label:,input,label,label,text,F:  3- 5- 1,,,,14,,False
Signals > CH4 > BLUE secondary > Ancillary,Use Name entry to set Label,mat-checkbox,mat-checkbox-56,,,false,,,,,,False
Signals > CH4 > BLUE secondary > Ancillary,Source IP:,mat-checkbox,pkt_filter_src_ip,pkt_filter_src_ip,,false,,,,,,False
Signals > CH4 > BLUE secondary > Ancillary,Source UDP Port:,mat-checkbox,pkt_filter_src_udp,pkt_filter_src_udp,,false,,,,,,False
Signals > CH4 > BLUE secondary > Ancillary,Source MAC:,mat-checkbox,pkt_filter_src_mac,pkt_filter_src_mac,,false,,,,,,False
Signals > CH4 > BLUE secondary > Ancillary,Destination IP:,mat-checkbox,pkt_filter_dst_ip,pkt_filter_dst_ip,,true,,,,,,False
Signals > CH4 > BLUE secondary > Ancillary,Destination UDP Port:,mat-checkbox,pkt_filter_dst_udp,pkt_filter_dst_udp,,false,,,,,,False
Signals > CH4 > BLUE secondary > Ancillary,Destination MAC:,mat-checkbox,pkt_filter_dst_mac,pkt_filter_dst_mac,,false,,,,,,False
Signals > CH4 > BLUE secondary > Ancillary,VLAN:,mat-checkbox,pkt_filter_vlan,pkt_filter_vlan,,false,,,,,,False
Signals > CH5 > RED primary > Video,Source IP:,input,src_ip_addr,src_ip_addr,text,0.0.0.0,,,,,,False
Signals > CH5 > RED primary > Video,Auto Set Source IP:,mat-checkbox,auto_set_source_ip,auto_set_source_ip,,false,,,,,,False
Signals > CH5 > RED primary > Video,Source Port:,input,src_udp_port,src_udp_port,text,0,,,,,,False
Signals > CH5 > RED primary > Video,Destination IP:,input,dst_ip_addr,dst_ip_addr,text,0.0.0.0,,,,,,False
Signals > CH5 > RED primary > Video,Destination Port:,input,dst_udp_port,dst_udp_port,text,0,,,,,,False
Signals > CH5 > RED primary > Video,Destination MAC:,input,dst_mac,dst_mac,text,01:00:5e:04:01:02,,,,,,True
Signals > CH5 > RED primary > Video,VLAN Tag:,input,vlan_tag,vlan_tag,text,0,,,,,,False
Signals > CH5 > RED primary > Video,Enable Flow:,mat-checkbox,network_enable,network_enable,,false,,,,,,False
Signals > CH5 > RED primary > Video,RTP Payload:,input,rtp_pt,rtp_pt,text,96,,,,,,False
Signals > CH5 > RED primary > Video,Name:,input,name,name,text,tx ch5 flow 0 pri,,,,24,,False
Signals > CH5 > RED primary > Video,Tags:,input,tags,tags,text,tx;,,,,,,False
Signals > CH5 > RED primary > Video,Label:,input,label,label,text,F:  4- 0- 0,,,,14,,False
Signals > CH5 > RED primary > Video,Use Name entry to set Label,mat-checkbox,mat-checkbox-56,,,false,,,,,,False
Signals > CH5 > RED primary > Audio 1,Source IP:,input,src_ip_addr,src_ip_addr,text,0.0.0.0,,,,,,False
Signals > CH5 > RED primary > Audio 1,Auto Set Source IP:,mat-checkbox,auto_set_source_ip,auto_set_source_ip,,false,,,,,,False
Signals > CH5 > RED primary > Audio 1,Source Port:,input,src_udp_port,src_udp_port,text,0,,,,,,False
Signals > CH5 > RED primary > Audio 1,Destination IP:,input,dst_ip_addr,dst_ip_addr,text,0.0.0.0,,,,,,False
Signals > CH5 > RED primary > Audio 1,Destination Port:,input,dst_udp_port,dst_udp_port,text,0,,,,,,False
Signals > CH5 > RED primary > Audio 1,Destination MAC:,input,dst_mac,dst_mac,text,01:00:5e:04:01:04,,,,,,True
Signals > CH5 > RED primary > Audio 1,VLAN Tag:,input,vlan_tag,vlan_tag,text,0,,,,,,False
Signals > CH5 > RED primary > Audio 1,Enable Flow:,mat-checkbox,network_enable,network_enable,,false,,,,,,False
Signals > CH5 > RED primary > Audio 1,RTP Payload:,input,rtp_pt,rtp_pt,text,97,,,,,,False
Signals > CH5 > RED primary > Audio 1,Name:,input,name,name,text,tx ch5 flow 1 pri,,,,24,,False
Signals > CH5 > RED primary > Audio 1,Tags:,input,tags,tags,text,tx ;,,,,,,False
Signals > CH5 > RED primary > Audio 1,Label:,input,label,label,text,F:  4- 1- 0,,,,14,,False
Signals > CH5 > RED primary > Audio 1,Use Name entry to set Label,mat-checkbox,mat-checkbox-56,,,false,,,,,,False
Signals > CH5 > RED primary > Audio 1,Nbr of SDI channels:,input,aud_chan_cnt,aud_chan_cnt,number,2,,0,16,,,False
Signals > CH5 > RED primary > Audio 1,Audio Format:,select,aud-format,aud_format,,Uncompressed,dash-30=Uncompressed | dash-31=Compressed,,,,,False
Signals > CH5 > RED primary > Audio 1,Packet Time:,select,aud_ptime_idx,packetTime,,1 ms,0=1 ms | 1=125 μs | 2=250 μs | 3=333 μs | 5=500 μs,,,,,False
Signals > CH5 > RED primary > Audio 2,Source IP:,input,src_ip_addr,src_ip_addr,text,0.0.0.0,,,,,,False
Signals > CH5 > RED primary > Audio 2,Auto Set Source IP:,mat-checkbox,auto_set_source_ip,auto_set_source_ip,,false,,,,,,False
Signals > CH5 > RED primary > Audio 2,Source Port:,input,src_udp_port,src_udp_port,text,0,,,,,,False
Signals > CH5 > RED primary > Audio 2,Destination IP:,input,dst_ip_addr,dst_ip_addr,text,0.0.0.0,,,,,,False
Signals > CH5 > RED primary > Audio 2,Destination Port:,input,dst_udp_port,dst_udp_port,text,0,,,,,,False
Signals > CH5 > RED primary > Audio 2,Destination MAC:,input,dst_mac,dst_mac,text,01:00:5e:04:01:06,,,,,,True
Signals > CH5 > RED primary > Audio 2,VLAN Tag:,input,vlan_tag,vlan_tag,text,0,,,,,,False
Signals > CH5 > RED primary > Audio 2,Enable Flow:,mat-checkbox,network_enable,network_enable,,false,,,,,,False
Signals > CH5 > RED primary > Audio 2,RTP Payload:,input,rtp_pt,rtp_pt,text,97,,,,,,False
Signals > CH5 > RED primary > Audio 2,Name:,input,name,name,text,tx ch5 flow 2 pri,,,,24,,False
Signals > CH5 > RED primary > Audio 2,Tags:,input,tags,tags,text,tx ;,,,,,,False
Signals > CH5 > RED primary > Audio 2,Label:,input,label,label,text,F:  4- 2- 0,,,,14,,False
Signals > CH5 > RED primary > Audio 2,Use Name entry to set Label,mat-checkbox,mat-checkbox-56,,,false,,,,,,False
Signals > CH5 > RED primary > Audio 2,Nbr of SDI channels:,input,aud_chan_cnt,aud_chan_cnt,number,2,,0,16,,,False
Signals > CH5 > RED primary > Audio 2,Audio Format:,select,aud-format,aud_format,,Uncompressed,dash-30=Uncompressed | dash-31=Compressed,,,,,False
Signals > CH5 > RED primary > Audio 2,Packet Time:,select,aud_ptime_idx,packetTime,,1 ms,0=1 ms | 1=125 μs | 2=250 μs | 3=333 μs | 5=500 μs,,,,,False
Signals > CH5 > RED primary > Audio 3,Source IP:,input,src_ip_addr,src_ip_addr,text,0.0.0.0,,,,,,False
Signals > CH5 > RED primary > Audio 3,Auto Set Source IP:,mat-checkbox,auto_set_source_ip,auto_set_source_ip,,false,,,,,,False
Signals > CH5 > RED primary > Audio 3,Source Port:,input,src_udp_port,src_udp_port,text,0,,,,,,False
Signals > CH5 > RED primary > Audio 3,Destination IP:,input,dst_ip_addr,dst_ip_addr,text,0.0.0.0,,,,,,False
Signals > CH5 > RED primary > Audio 3,Destination Port:,input,dst_udp_port,dst_udp_port,text,0,,,,,,False
Signals > CH5 > RED primary > Audio 3,Destination MAC:,input,dst_mac,dst_mac,text,01:00:5e:04:01:08,,,,,,True
Signals > CH5 > RED primary > Audio 3,VLAN Tag:,input,vlan_tag,vlan_tag,text,0,,,,,,False
Signals > CH5 > RED primary > Audio 3,Enable Flow:,mat-checkbox,network_enable,network_enable,,false,,,,,,False
Signals > CH5 > RED primary > Audio 3,RTP Payload:,input,rtp_pt,rtp_pt,text,97,,,,,,False
Signals > CH5 > RED primary > Audio 3,Name:,input,name,name,text,tx ch5 flow 3 pri,,,,24,,False
Signals > CH5 > RED primary > Audio 3,Tags:,input,tags,tags,text,tx ;,,,,,,False
Signals > CH5 > RED primary > Audio 3,Label:,input,label,label,text,F:  4- 3- 0,,,,14,,False
Signals > CH5 > RED primary > Audio 3,Use Name entry to set Label,mat-checkbox,mat-checkbox-56,,,false,,,,,,False
Signals > CH5 > RED primary > Audio 3,Nbr of SDI channels:,input,aud_chan_cnt,aud_chan_cnt,number,2,,0,16,,,False
Signals > CH5 > RED primary > Audio 3,Audio Format:,select,aud-format,aud_format,,Uncompressed,dash-30=Uncompressed | dash-31=Compressed,,,,,False
Signals > CH5 > RED primary > Audio 3,Packet Time:,select,aud_ptime_idx,packetTime,,1 ms,0=1 ms | 1=125 μs | 2=250 μs | 3=333 μs | 5=500 μs,,,,,False
Signals > CH5 > RED primary > Audio 4,Source IP:,input,src_ip_addr,src_ip_addr,text,0.0.0.0,,,,,,False
Signals > CH5 > RED primary > Audio 4,Auto Set Source IP:,mat-checkbox,auto_set_source_ip,auto_set_source_ip,,false,,,,,,False
Signals > CH5 > RED primary > Audio 4,Source Port:,input,src_udp_port,src_udp_port,text,0,,,,,,False
Signals > CH5 > RED primary > Audio 4,Destination IP:,input,dst_ip_addr,dst_ip_addr,text,0.0.0.0,,,,,,False
Signals > CH5 > RED primary > Audio 4,Destination Port:,input,dst_udp_port,dst_udp_port,text,0,,,,,,False
Signals > CH5 > RED primary > Audio 4,Destination MAC:,input,dst_mac,dst_mac,text,01:00:5e:04:01:0a,,,,,,True
Signals > CH5 > RED primary > Audio 4,VLAN Tag:,input,vlan_tag,vlan_tag,text,0,,,,,,False
Signals > CH5 > RED primary > Audio 4,Enable Flow:,mat-checkbox,network_enable,network_enable,,false,,,,,,False
Signals > CH5 > RED primary > Audio 4,RTP Payload:,input,rtp_pt,rtp_pt,text,97,,,,,,False
Signals > CH5 > RED primary > Audio 4,Name:,input,name,name,text,tx ch5 flow 4 pri,,,,24,,False
Signals > CH5 > RED primary > Audio 4,Tags:,input,tags,tags,text,tx ;,,,,,,False
Signals > CH5 > RED primary > Audio 4,Label:,input,label,label,text,F:  4- 4- 0,,,,14,,False
Signals > CH5 > RED primary > Audio 4,Use Name entry to set Label,mat-checkbox,mat-checkbox-56,,,false,,,,,,False
Signals > CH5 > RED primary > Audio 4,Nbr of SDI channels:,input,aud_chan_cnt,aud_chan_cnt,number,2,,0,16,,,False
Signals > CH5 > RED primary > Audio 4,Audio Format:,select,aud-format,aud_format,,Uncompressed,dash-30=Uncompressed | dash-31=Compressed,,,,,False
Signals > CH5 > RED primary > Audio 4,Packet Time:,select,aud_ptime_idx,packetTime,,1 ms,0=1 ms | 1=125 μs | 2=250 μs | 3=333 μs | 5=500 μs,,,,,False
Signals > CH5 > RED primary > Ancillary,Source IP:,input,src_ip_addr,src_ip_addr,text,0.0.0.0,,,,,,False
Signals > CH5 > RED primary > Ancillary,Auto Set Source IP:,mat-checkbox,auto_set_source_ip,auto_set_source_ip,,false,,,,,,False
Signals > CH5 > RED primary > Ancillary,Source Port:,input,src_udp_port,src_udp_port,text,0,,,,,,False
Signals > CH5 > RED primary > Ancillary,Destination IP:,input,dst_ip_addr,dst_ip_addr,text,0.0.0.0,,,,,,False
Signals > CH5 > RED primary > Ancillary,Destination Port:,input,dst_udp_port,dst_udp_port,text,0,,,,,,False
Signals > CH5 > RED primary > Ancillary,Destination MAC:,input,dst_mac,dst_mac,text,01:00:5e:04:01:14,,,,,,True
Signals > CH5 > RED primary > Ancillary,VLAN Tag:,input,vlan_tag,vlan_tag,text,0,,,,,,False
Signals > CH5 > RED primary > Ancillary,Enable Flow:,mat-checkbox,network_enable,network_enable,,false,,,,,,False
Signals > CH5 > RED primary > Ancillary,RTP Payload:,input,rtp_pt,rtp_pt,text,100,,,,,,False
Signals > CH5 > RED primary > Ancillary,Name:,input,name,name,text,tx ch5 flow 5 pri,,,,24,,False
Signals > CH5 > RED primary > Ancillary,Tags:,input,tags,tags,text,tx ;,,,,,,False
Signals > CH5 > RED primary > Ancillary,Label:,input,label,label,text,F:  4- 5- 0,,,,14,,False
Signals > CH5 > RED primary > Ancillary,Use Name entry to set Label,mat-checkbox,mat-checkbox-56,,,false,,,,,,False
Signals > CH5 > RED primary > Ancillary,ANC Flow Profile:,select,anc_flow_profile,anc_flow_profile,,Packet by packet,0=End of field event | 1=1ms from decoding | 2=Packet by packet,,,,,False
Signals > CH5 > BLUE secondary > Video,Source IP:,input,src_ip_addr,src_ip_addr,text,0.0.0.0,,,,,,False
Signals > CH5 > BLUE secondary > Video,Auto Set Source IP:,mat-checkbox,auto_set_source_ip,auto_set_source_ip,,false,,,,,,False
Signals > CH5 > BLUE secondary > Video,Source Port:,input,src_udp_port,src_udp_port,text,0,,,,,,False
Signals > CH5 > BLUE secondary > Video,Destination IP:,input,dst_ip_addr,dst_ip_addr,text,0.0.0.0,,,,,,False
Signals > CH5 > BLUE secondary > Video,Destination Port:,input,dst_udp_port,dst_udp_port,text,0,,,,,,False
Signals > CH5 > BLUE secondary > Video,Destination MAC:,input,dst_mac,dst_mac,text,01:00:5e:04:01:03,,,,,,True
Signals > CH5 > BLUE secondary > Video,VLAN Tag:,input,vlan_tag,vlan_tag,text,0,,,,,,False
Signals > CH5 > BLUE secondary > Video,Enable Flow:,mat-checkbox,network_enable,network_enable,,false,,,,,,False
Signals > CH5 > BLUE secondary > Video,RTP Payload:,input,rtp_pt,rtp_pt,text,96,,,,,,False
Signals > CH5 > BLUE secondary > Video,Name:,input,name,name,text,tx ch5 flow 0 sec,,,,24,,False
Signals > CH5 > BLUE secondary > Video,Tags:,input,tags,tags,text,tx ;,,,,,,False
Signals > CH5 > BLUE secondary > Video,Label:,input,label,label,text,F:  4- 0- 1,,,,14,,False
Signals > CH5 > BLUE secondary > Video,Use Name entry to set Label,mat-checkbox,mat-checkbox-56,,,false,,,,,,False
Signals > CH5 > BLUE secondary > Audio 1,Source IP:,input,src_ip_addr,src_ip_addr,text,0.0.0.0,,,,,,False
Signals > CH5 > BLUE secondary > Audio 1,Auto Set Source IP:,mat-checkbox,auto_set_source_ip,auto_set_source_ip,,false,,,,,,False
Signals > CH5 > BLUE secondary > Audio 1,Source Port:,input,src_udp_port,src_udp_port,text,0,,,,,,False
Signals > CH5 > BLUE secondary > Audio 1,Destination IP:,input,dst_ip_addr,dst_ip_addr,text,0.0.0.0,,,,,,False
Signals > CH5 > BLUE secondary > Audio 1,Destination Port:,input,dst_udp_port,dst_udp_port,text,0,,,,,,False
Signals > CH5 > BLUE secondary > Audio 1,Destination MAC:,input,dst_mac,dst_mac,text,01:00:5e:04:01:05,,,,,,True
Signals > CH5 > BLUE secondary > Audio 1,VLAN Tag:,input,vlan_tag,vlan_tag,text,0,,,,,,False
Signals > CH5 > BLUE secondary > Audio 1,Enable Flow:,mat-checkbox,network_enable,network_enable,,false,,,,,,False
Signals > CH5 > BLUE secondary > Audio 1,RTP Payload:,input,rtp_pt,rtp_pt,text,97,,,,,,False
Signals > CH5 > BLUE secondary > Audio 1,Name:,input,name,name,text,tx ch5 flow 1 sec,,,,24,,False
Signals > CH5 > BLUE secondary > Audio 1,Tags:,input,tags,tags,text,tx ;,,,,,,False
Signals > CH5 > BLUE secondary > Audio 1,Label:,input,label,label,text,F:  4- 1- 1,,,,14,,False
Signals > CH5 > BLUE secondary > Audio 1,Use Name entry to set Label,mat-checkbox,mat-checkbox-56,,,false,,,,,,False
Signals > CH5 > BLUE secondary > Audio 1,Nbr of SDI channels:,input,aud_chan_cnt,aud_chan_cnt,number,2,,0,16,,,False
Signals > CH5 > BLUE secondary > Audio 1,Audio Format:,select,aud-format,aud_format,,Uncompressed,dash-30=Uncompressed | dash-31=Compressed,,,,,False
Signals > CH5 > BLUE secondary > Audio 1,Packet Time:,select,aud_ptime_idx,packetTime,,1 ms,0=1 ms | 1=125 μs | 2=250 μs | 3=333 μs | 5=500 μs,,,,,False
Signals > CH5 > BLUE secondary > Audio 2,Source IP:,input,src_ip_addr,src_ip_addr,text,0.0.0.0,,,,,,False
Signals > CH5 > BLUE secondary > Audio 2,Auto Set Source IP:,mat-checkbox,auto_set_source_ip,auto_set_source_ip,,false,,,,,,False
Signals > CH5 > BLUE secondary > Audio 2,Source Port:,input,src_udp_port,src_udp_port,text,0,,,,,,False
Signals > CH5 > BLUE secondary > Audio 2,Destination IP:,input,dst_ip_addr,dst_ip_addr,text,0.0.0.0,,,,,,False
Signals > CH5 > BLUE secondary > Audio 2,Destination Port:,input,dst_udp_port,dst_udp_port,text,0,,,,,,False
Signals > CH5 > BLUE secondary > Audio 2,Destination MAC:,input,dst_mac,dst_mac,text,01:00:5e:04:01:07,,,,,,True
Signals > CH5 > BLUE secondary > Audio 2,VLAN Tag:,input,vlan_tag,vlan_tag,text,0,,,,,,False
Signals > CH5 > BLUE secondary > Audio 2,Enable Flow:,mat-checkbox,network_enable,network_enable,,false,,,,,,False
Signals > CH5 > BLUE secondary > Audio 2,RTP Payload:,input,rtp_pt,rtp_pt,text,97,,,,,,False
Signals > CH5 > BLUE secondary > Audio 2,Name:,input,name,name,text,tx ch5 flow 2 sec,,,,24,,False
Signals > CH5 > BLUE secondary > Audio 2,Tags:,input,tags,tags,text,tx ;,,,,,,False
Signals > CH5 > BLUE secondary > Audio 2,Label:,input,label,label,text,F:  4- 2- 1,,,,14,,False
Signals > CH5 > BLUE secondary > Audio 2,Use Name entry to set Label,mat-checkbox,mat-checkbox-56,,,false,,,,,,False
Signals > CH5 > BLUE secondary > Audio 2,Nbr of SDI channels:,input,aud_chan_cnt,aud_chan_cnt,number,2,,0,16,,,False
Signals > CH5 > BLUE secondary > Audio 2,Audio Format:,select,aud-format,aud_format,,Uncompressed,dash-30=Uncompressed | dash-31=Compressed,,,,,False
Signals > CH5 > BLUE secondary > Audio 2,Packet Time:,select,aud_ptime_idx,packetTime,,1 ms,0=1 ms | 1=125 μs | 2=250 μs | 3=333 μs | 5=500 μs,,,,,False
Signals > CH5 > BLUE secondary > Audio 3,Source IP:,input,src_ip_addr,src_ip_addr,text,0.0.0.0,,,,,,False
Signals > CH5 > BLUE secondary > Audio 3,Auto Set Source IP:,mat-checkbox,auto_set_source_ip,auto_set_source_ip,,false,,,,,,False
Signals > CH5 > BLUE secondary > Audio 3,Source Port:,input,src_udp_port,src_udp_port,text,0,,,,,,False
Signals > CH5 > BLUE secondary > Audio 3,Destination IP:,input,dst_ip_addr,dst_ip_addr,text,0.0.0.0,,,,,,False
Signals > CH5 > BLUE secondary > Audio 3,Destination Port:,input,dst_udp_port,dst_udp_port,text,0,,,,,,False
Signals > CH5 > BLUE secondary > Audio 3,Destination MAC:,input,dst_mac,dst_mac,text,01:00:5e:04:01:09,,,,,,True
Signals > CH5 > BLUE secondary > Audio 3,VLAN Tag:,input,vlan_tag,vlan_tag,text,0,,,,,,False
Signals > CH5 > BLUE secondary > Audio 3,Enable Flow:,mat-checkbox,network_enable,network_enable,,false,,,,,,False
Signals > CH5 > BLUE secondary > Audio 3,RTP Payload:,input,rtp_pt,rtp_pt,text,97,,,,,,False
Signals > CH5 > BLUE secondary > Audio 3,Name:,input,name,name,text,tx ch5 flow 3 sec,,,,24,,False
Signals > CH5 > BLUE secondary > Audio 3,Tags:,input,tags,tags,text,tx ;,,,,,,False
Signals > CH5 > BLUE secondary > Audio 3,Label:,input,label,label,text,F:  4- 3- 1,,,,14,,False
Signals > CH5 > BLUE secondary > Audio 3,Use Name entry to set Label,mat-checkbox,mat-checkbox-56,,,false,,,,,,False
Signals > CH5 > BLUE secondary > Audio 3,Nbr of SDI channels:,input,aud_chan_cnt,aud_chan_cnt,number,2,,0,16,,,False
Signals > CH5 > BLUE secondary > Audio 3,Audio Format:,select,aud-format,aud_format,,Uncompressed,dash-30=Uncompressed | dash-31=Compressed,,,,,False
Signals > CH5 > BLUE secondary > Audio 3,Packet Time:,select,aud_ptime_idx,packetTime,,1 ms,0=1 ms | 1=125 μs | 2=250 μs | 3=333 μs | 5=500 μs,,,,,False
Signals > CH5 > BLUE secondary > Audio 4,Source IP:,input,src_ip_addr,src_ip_addr,text,0.0.0.0,,,,,,False
Signals > CH5 > BLUE secondary > Audio 4,Auto Set Source IP:,mat-checkbox,auto_set_source_ip,auto_set_source_ip,,false,,,,,,False
Signals > CH5 > BLUE secondary > Audio 4,Source Port:,input,src_udp_port,src_udp_port,text,0,,,,,,False
Signals > CH5 > BLUE secondary > Audio 4,Destination IP:,input,dst_ip_addr,dst_ip_addr,text,0.0.0.0,,,,,,False
Signals > CH5 > BLUE secondary > Audio 4,Destination Port:,input,dst_udp_port,dst_udp_port,text,0,,,,,,False
Signals > CH5 > BLUE secondary > Audio 4,Destination MAC:,input,dst_mac,dst_mac,text,01:00:5e:04:01:0b,,,,,,True
Signals > CH5 > BLUE secondary > Audio 4,VLAN Tag:,input,vlan_tag,vlan_tag,text,0,,,,,,False
Signals > CH5 > BLUE secondary > Audio 4,Enable Flow:,mat-checkbox,network_enable,network_enable,,false,,,,,,False
Signals > CH5 > BLUE secondary > Audio 4,RTP Payload:,input,rtp_pt,rtp_pt,text,97,,,,,,False
Signals > CH5 > BLUE secondary > Audio 4,Name:,input,name,name,text,tx ch5 flow 4 sec,,,,24,,False
Signals > CH5 > BLUE secondary > Audio 4,Tags:,input,tags,tags,text,tx ;,,,,,,False
Signals > CH5 > BLUE secondary > Audio 4,Label:,input,label,label,text,F:  4- 4- 1,,,,14,,False
Signals > CH5 > BLUE secondary > Audio 4,Use Name entry to set Label,mat-checkbox,mat-checkbox-56,,,false,,,,,,False
Signals > CH5 > BLUE secondary > Audio 4,Nbr of SDI channels:,input,aud_chan_cnt,aud_chan_cnt,number,2,,0,16,,,False
Signals > CH5 > BLUE secondary > Audio 4,Audio Format:,select,aud-format,aud_format,,Uncompressed,dash-30=Uncompressed | dash-31=Compressed,,,,,False
Signals > CH5 > BLUE secondary > Audio 4,Packet Time:,select,aud_ptime_idx,packetTime,,1 ms,0=1 ms | 1=125 μs | 2=250 μs | 3=333 μs | 5=500 μs,,,,,False
Signals > CH5 > BLUE secondary > Ancillary,Source IP:,input,src_ip_addr,src_ip_addr,text,0.0.0.0,,,,,,False
Signals > CH5 > BLUE secondary > Ancillary,Auto Set Source IP:,mat-checkbox,auto_set_source_ip,auto_set_source_ip,,false,,,,,,False
Signals > CH5 > BLUE secondary > Ancillary,Source Port:,input,src_udp_port,src_udp_port,text,0,,,,,,False
Signals > CH5 > BLUE secondary > Ancillary,Destination IP:,input,dst_ip_addr,dst_ip_addr,text,0.0.0.0,,,,,,False
Signals > CH5 > BLUE secondary > Ancillary,Destination Port:,input,dst_udp_port,dst_udp_port,text,0,,,,,,False
Signals > CH5 > BLUE secondary > Ancillary,Destination MAC:,input,dst_mac,dst_mac,text,01:00:5e:04:01:15,,,,,,True
Signals > CH5 > BLUE secondary > Ancillary,VLAN Tag:,input,vlan_tag,vlan_tag,text,0,,,,,,False
Signals > CH5 > BLUE secondary > Ancillary,Enable Flow:,mat-checkbox,network_enable,network_enable,,false,,,,,,False
Signals > CH5 > BLUE secondary > Ancillary,RTP Payload:,input,rtp_pt,rtp_pt,text,100,,,,,,False
Signals > CH5 > BLUE secondary > Ancillary,Name:,input,name,name,text,tx ch5 flow 5 sec,,,,24,,False
Signals > CH5 > BLUE secondary > Ancillary,Tags:,input,tags,tags,text,tx ;,,,,,,False
Signals > CH5 > BLUE secondary > Ancillary,Label:,input,label,label,text,F:  4- 5- 1,,,,14,,False
Signals > CH5 > BLUE secondary > Ancillary,Use Name entry to set Label,mat-checkbox,mat-checkbox-56,,,false,,,,,,False
Signals > CH5 > BLUE secondary > Ancillary,ANC Flow Profile:,select,anc_flow_profile,anc_flow_profile,,Packet by packet,0=End of field event | 1=1ms from decoding | 2=Packet by packet,,,,,False
Signals > CH6 > RED primary > Video,Video Format:,select,video_format,video_format,,1080p50,1080p50 | 720p50 | 720p59.94 | 720p60 | 720p23.98 | 720p24 | 720p25 | 720p29.97 | 720p30 | 1080p23.98 | 1080psf23.98 | 1080p24 | 1080psf24 | 1080p25 | 1080psf25 | 1080p29.97 | 1080psf29.97 | 1080p30 | 1080psf30 | 1080i47.95 | 1080i48 | 1080i50 | 1080i59.94 | 1080i60 | 1080p59.94 | 1080p60 | 2048x1080p23.98 | 2048x1080p24 | 2048x1080p25 | 2048x1080p29.97 | 2048x1080p30 | 2048x1080p47.95 | 2048x1080p48 | 2048x1080p50 | 2048x1080p59.94 | 2048x1080p60 | 3840x2160p23.98 | 3840x2160p24 | 3840x2160p25 | 3840x2160p29.97 | 3840x2160p30 | 4096x2160p23.98 | 4096x2160p24 | 4096x2160p25 | 4096x2160p29.97 | 4096x2160p30 | 4096x2160p47.95 | 4096x2160p48 | 3840x2160p50 | 3840x2160p59.94 | 3840x2160p60 | 4096x2160p50 | 4096x2160p59.94 | 4096x2160p60,,,,,False
Signals > CH6 > RED primary > Video,Sampling:,mat-radio-group,,sampling,,4:2:2,4:2:2 | 4:4:4,,,,,False
Signals > CH6 > RED primary > Video,Bit Depth:,mat-radio-group,,bit_depth,,10 bits,10 bits | 12 bits,,,,,False
Signals > CH6 > RED primary > Video,Color Space:,mat-radio-group,,colorSpace,,YCbCr,YCbCr | RGB,,,,,False
Signals > CH6 > RED primary > Video,Colorimetry:,select,flow-colorimetry,colorimetry,,BT709,BT709 | BT2020 | BT2100,,,,,False
Signals > CH6 > RED primary > Video,Transfer Characteristics:,select,flow-tranfer_characteristics,tranferCharacteristics,,SDR,SDR | HLG | PQ,,,,,False
Signals > CH6 > RED primary > Video,Source IP:,input,src_ip_addr,src_ip_addr,text,10.6.40.50,,,,,,False
Signals > CH6 > RED primary > Video,Source Port:,input,src_udp_port,src_udp_port,text,0,,,,,,False
Signals > CH6 > RED primary > Video,Destination IP:,input,dst_ip_addr,dst_ip_addr,text,239.1.0.2,,,,,,False
Signals > CH6 > RED primary > Video,Destination Port:,input,dst_udp_port,dst_udp_port,text,20000,,,,,,False
Signals > CH6 > RED primary > Video,Destination MAC:,input,dst_mac,dst_mac,text,01:00:5e:01:00:02,,,,,,True
Signals > CH6 > RED primary > Video,VLAN Tag:,input,vlan_tag,vlan_tag,text,0,,,,,,False
Signals > CH6 > RED primary > Video,Enable Flow:,mat-checkbox,network_enable,network_enable,,true,,,,,,False
Signals > CH6 > RED primary > Video,RTP Payload:,input,rtp_pt,rtp_pt,text,96,,,,,,False
Signals > CH6 > RED primary > Video,IGMP SRC IP:,input,igmp_src_ip,igmp_src_ip,text,0.0.0.0,,,,,,False
Signals > CH6 > RED primary > Video,Sender Type:,select,sender_type,senderType,,Narrow,0=Narrow | 1=Wide,,,,,False
Signals > CH6 > RED primary > Video,Name:,input,name,name,text,rx ch6 flow 0 pri,,,,24,,False
Signals > CH6 > RED primary > Video,Tags:,input,tags,tags,text,rx;,,,,,,False
Signals > CH6 > RED primary > Video,Label:,input,label,label,text,F:  5- 0- 0,,,,14,,False
Signals > CH6 > RED primary > Video,Use Name entry to set Label,mat-checkbox,mat-checkbox-56,,,false,,,,,,False
Signals > CH6 > RED primary > Video,Source IP:,mat-checkbox,pkt_filter_src_ip,pkt_filter_src_ip,,true,,,,,,False
Signals > CH6 > RED primary > Video,Source UDP Port:,mat-checkbox,pkt_filter_src_udp,pkt_filter_src_udp,,false,,,,,,False
Signals > CH6 > RED primary > Video,Source MAC:,mat-checkbox,pkt_filter_src_mac,pkt_filter_src_mac,,false,,,,,,False
Signals > CH6 > RED primary > Video,Destination IP:,mat-checkbox,pkt_filter_dst_ip,pkt_filter_dst_ip,,true,,,,,,False
Signals > CH6 > RED primary > Video,Destination UDP Port:,mat-checkbox,pkt_filter_dst_udp,pkt_filter_dst_udp,,true,,,,,,False
Signals > CH6 > RED primary > Video,Destination MAC:,mat-checkbox,pkt_filter_dst_mac,pkt_filter_dst_mac,,false,,,,,,False
Signals > CH6 > RED primary > Video,VLAN:,mat-checkbox,pkt_filter_vlan,pkt_filter_vlan,,false,,,,,,False
Signals > CH6 > RED primary > Audio 1,Source IP:,input,src_ip_addr,src_ip_addr,text,0.0.0.0,,,,,,False
Signals > CH6 > RED primary > Audio 1,Source Port:,input,src_udp_port,src_udp_port,text,0,,,,,,False
Signals > CH6 > RED primary > Audio 1,Destination IP:,input,dst_ip_addr,dst_ip_addr,text,0.0.0.0,,,,,,False
Signals > CH6 > RED primary > Audio 1,Destination Port:,input,dst_udp_port,dst_udp_port,text,0,,,,,,False
Signals > CH6 > RED primary > Audio 1,Destination MAC:,input,dst_mac,dst_mac,text,01:00:5e:05:01:04,,,,,,True
Signals > CH6 > RED primary > Audio 1,VLAN Tag:,input,vlan_tag,vlan_tag,text,0,,,,,,False
Signals > CH6 > RED primary > Audio 1,Enable Flow:,mat-checkbox,network_enable,network_enable,,false,,,,,,False
Signals > CH6 > RED primary > Audio 1,RTP Payload:,input,rtp_pt,rtp_pt,text,97,,,,,,False
Signals > CH6 > RED primary > Audio 1,IGMP SRC IP:,input,igmp_src_ip,igmp_src_ip,text,0.0.0.0,,,,,,False
Signals > CH6 > RED primary > Audio 1,Name:,input,name,name,text,rx ch6 flow 1 pri,,,,24,,False
Signals > CH6 > RED primary > Audio 1,Tags:,input,tags,tags,text,rx ;,,,,,,False
Signals > CH6 > RED primary > Audio 1,Label:,input,label,label,text,F:  5- 1- 0,,,,14,,False
Signals > CH6 > RED primary > Audio 1,Use Name entry to set Label,mat-checkbox,mat-checkbox-56,,,false,,,,,,False
Signals > CH6 > RED primary > Audio 1,Nbr of SDI channels:,input,aud_chan_cnt,aud_chan_cnt,number,2,,0,16,,,False
Signals > CH6 > RED primary > Audio 1,Audio Format:,select,aud-format,aud_format,,Uncompressed,dash-30=Uncompressed | dash-31=Compressed,,,,,False
Signals > CH6 > RED primary > Audio 1,Packet Time:,select,aud_ptime_idx,packetTime,,1 ms,0=1 ms | 1=125 μs | 2=250 μs | 3=333 μs | 5=500 μs,,,,,False
Signals > CH6 > RED primary > Audio 1,Source IP:,mat-checkbox,pkt_filter_src_ip,pkt_filter_src_ip,,false,,,,,,False
Signals > CH6 > RED primary > Audio 1,Source UDP Port:,mat-checkbox,pkt_filter_src_udp,pkt_filter_src_udp,,false,,,,,,False
Signals > CH6 > RED primary > Audio 1,Source MAC:,mat-checkbox,pkt_filter_src_mac,pkt_filter_src_mac,,false,,,,,,False
Signals > CH6 > RED primary > Audio 1,Destination IP:,mat-checkbox,pkt_filter_dst_ip,pkt_filter_dst_ip,,true,,,,,,False
Signals > CH6 > RED primary > Audio 1,Destination UDP Port:,mat-checkbox,pkt_filter_dst_udp,pkt_filter_dst_udp,,false,,,,,,False
Signals > CH6 > RED primary > Audio 1,Destination MAC:,mat-checkbox,pkt_filter_dst_mac,pkt_filter_dst_mac,,false,,,,,,False
Signals > CH6 > RED primary > Audio 1,VLAN:,mat-checkbox,pkt_filter_vlan,pkt_filter_vlan,,false,,,,,,False
Signals > CH6 > RED primary > Audio 2,Source IP:,input,src_ip_addr,src_ip_addr,text,0.0.0.0,,,,,,False
Signals > CH6 > RED primary > Audio 2,Source Port:,input,src_udp_port,src_udp_port,text,0,,,,,,False
Signals > CH6 > RED primary > Audio 2,Destination IP:,input,dst_ip_addr,dst_ip_addr,text,0.0.0.0,,,,,,False
Signals > CH6 > RED primary > Audio 2,Destination Port:,input,dst_udp_port,dst_udp_port,text,0,,,,,,False
Signals > CH6 > RED primary > Audio 2,Destination MAC:,input,dst_mac,dst_mac,text,01:00:5e:05:01:06,,,,,,True
Signals > CH6 > RED primary > Audio 2,VLAN Tag:,input,vlan_tag,vlan_tag,text,0,,,,,,False
Signals > CH6 > RED primary > Audio 2,Enable Flow:,mat-checkbox,network_enable,network_enable,,false,,,,,,False
Signals > CH6 > RED primary > Audio 2,RTP Payload:,input,rtp_pt,rtp_pt,text,97,,,,,,False
Signals > CH6 > RED primary > Audio 2,IGMP SRC IP:,input,igmp_src_ip,igmp_src_ip,text,0.0.0.0,,,,,,False
Signals > CH6 > RED primary > Audio 2,Name:,input,name,name,text,rx ch6 flow 2 pri,,,,24,,False
Signals > CH6 > RED primary > Audio 2,Tags:,input,tags,tags,text,rx ;,,,,,,False
Signals > CH6 > RED primary > Audio 2,Label:,input,label,label,text,F:  5- 2- 0,,,,14,,False
Signals > CH6 > RED primary > Audio 2,Use Name entry to set Label,mat-checkbox,mat-checkbox-56,,,false,,,,,,False
Signals > CH6 > RED primary > Audio 2,Nbr of SDI channels:,input,aud_chan_cnt,aud_chan_cnt,number,2,,0,16,,,False
Signals > CH6 > RED primary > Audio 2,Audio Format:,select,aud-format,aud_format,,Uncompressed,dash-30=Uncompressed | dash-31=Compressed,,,,,False
Signals > CH6 > RED primary > Audio 2,Packet Time:,select,aud_ptime_idx,packetTime,,1 ms,0=1 ms | 1=125 μs | 2=250 μs | 3=333 μs | 5=500 μs,,,,,False
Signals > CH6 > RED primary > Audio 2,Source IP:,mat-checkbox,pkt_filter_src_ip,pkt_filter_src_ip,,false,,,,,,False
Signals > CH6 > RED primary > Audio 2,Source UDP Port:,mat-checkbox,pkt_filter_src_udp,pkt_filter_src_udp,,false,,,,,,False
Signals > CH6 > RED primary > Audio 2,Source MAC:,mat-checkbox,pkt_filter_src_mac,pkt_filter_src_mac,,false,,,,,,False
Signals > CH6 > RED primary > Audio 2,Destination IP:,mat-checkbox,pkt_filter_dst_ip,pkt_filter_dst_ip,,true,,,,,,False
Signals > CH6 > RED primary > Audio 2,Destination UDP Port:,mat-checkbox,pkt_filter_dst_udp,pkt_filter_dst_udp,,false,,,,,,False
Signals > CH6 > RED primary > Audio 2,Destination MAC:,mat-checkbox,pkt_filter_dst_mac,pkt_filter_dst_mac,,false,,,,,,False
Signals > CH6 > RED primary > Audio 2,VLAN:,mat-checkbox,pkt_filter_vlan,pkt_filter_vlan,,false,,,,,,False
Signals > CH6 > RED primary > Audio 3,Source IP:,input,src_ip_addr,src_ip_addr,text,0.0.0.0,,,,,,False
Signals > CH6 > RED primary > Audio 3,Source Port:,input,src_udp_port,src_udp_port,text,0,,,,,,False
Signals > CH6 > RED primary > Audio 3,Destination IP:,input,dst_ip_addr,dst_ip_addr,text,0.0.0.0,,,,,,False
Signals > CH6 > RED primary > Audio 3,Destination Port:,input,dst_udp_port,dst_udp_port,text,0,,,,,,False
Signals > CH6 > RED primary > Audio 3,Destination MAC:,input,dst_mac,dst_mac,text,01:00:5e:05:01:08,,,,,,True
Signals > CH6 > RED primary > Audio 3,VLAN Tag:,input,vlan_tag,vlan_tag,text,0,,,,,,False
Signals > CH6 > RED primary > Audio 3,Enable Flow:,mat-checkbox,network_enable,network_enable,,false,,,,,,False
Signals > CH6 > RED primary > Audio 3,RTP Payload:,input,rtp_pt,rtp_pt,text,97,,,,,,False
Signals > CH6 > RED primary > Audio 3,IGMP SRC IP:,input,igmp_src_ip,igmp_src_ip,text,0.0.0.0,,,,,,False
Signals > CH6 > RED primary > Audio 3,Name:,input,name,name,text,rx ch6 flow 3 pri,,,,24,,False
Signals > CH6 > RED primary > Audio 3,Tags:,input,tags,tags,text,rx ;,,,,,,False
Signals > CH6 > RED primary > Audio 3,Label:,input,label,label,text,F:  5- 3- 0,,,,14,,False
Signals > CH6 > RED primary > Audio 3,Use Name entry to set Label,mat-checkbox,mat-checkbox-56,,,false,,,,,,False
Signals > CH6 > RED primary > Audio 3,Nbr of SDI channels:,input,aud_chan_cnt,aud_chan_cnt,number,2,,0,16,,,False
Signals > CH6 > RED primary > Audio 3,Audio Format:,select,aud-format,aud_format,,Uncompressed,dash-30=Uncompressed | dash-31=Compressed,,,,,False
Signals > CH6 > RED primary > Audio 3,Packet Time:,select,aud_ptime_idx,packetTime,,1 ms,0=1 ms | 1=125 μs | 2=250 μs | 3=333 μs | 5=500 μs,,,,,False
Signals > CH6 > RED primary > Audio 3,Source IP:,mat-checkbox,pkt_filter_src_ip,pkt_filter_src_ip,,false,,,,,,False
Signals > CH6 > RED primary > Audio 3,Source UDP Port:,mat-checkbox,pkt_filter_src_udp,pkt_filter_src_udp,,false,,,,,,False
Signals > CH6 > RED primary > Audio 3,Source MAC:,mat-checkbox,pkt_filter_src_mac,pkt_filter_src_mac,,false,,,,,,False
Signals > CH6 > RED primary > Audio 3,Destination IP:,mat-checkbox,pkt_filter_dst_ip,pkt_filter_dst_ip,,true,,,,,,False
Signals > CH6 > RED primary > Audio 3,Destination UDP Port:,mat-checkbox,pkt_filter_dst_udp,pkt_filter_dst_udp,,false,,,,,,False
Signals > CH6 > RED primary > Audio 3,Destination MAC:,mat-checkbox,pkt_filter_dst_mac,pkt_filter_dst_mac,,false,,,,,,False
Signals > CH6 > RED primary > Audio 3,VLAN:,mat-checkbox,pkt_filter_vlan,pkt_filter_vlan,,false,,,,,,False
Signals > CH6 > RED primary > Audio 4,Source IP:,input,src_ip_addr,src_ip_addr,text,0.0.0.0,,,,,,False
Signals > CH6 > RED primary > Audio 4,Source Port:,input,src_udp_port,src_udp_port,text,0,,,,,,False
Signals > CH6 > RED primary > Audio 4,Destination IP:,input,dst_ip_addr,dst_ip_addr,text,0.0.0.0,,,,,,False
Signals > CH6 > RED primary > Audio 4,Destination Port:,input,dst_udp_port,dst_udp_port,text,0,,,,,,False
Signals > CH6 > RED primary > Audio 4,Destination MAC:,input,dst_mac,dst_mac,text,01:00:5e:05:01:0a,,,,,,True
Signals > CH6 > RED primary > Audio 4,VLAN Tag:,input,vlan_tag,vlan_tag,text,0,,,,,,False
Signals > CH6 > RED primary > Audio 4,Enable Flow:,mat-checkbox,network_enable,network_enable,,false,,,,,,False
Signals > CH6 > RED primary > Audio 4,RTP Payload:,input,rtp_pt,rtp_pt,text,97,,,,,,False
Signals > CH6 > RED primary > Audio 4,IGMP SRC IP:,input,igmp_src_ip,igmp_src_ip,text,0.0.0.0,,,,,,False
Signals > CH6 > RED primary > Audio 4,Name:,input,name,name,text,rx ch6 flow 4 pri,,,,24,,False
Signals > CH6 > RED primary > Audio 4,Tags:,input,tags,tags,text,rx ;,,,,,,False
Signals > CH6 > RED primary > Audio 4,Label:,input,label,label,text,F:  5- 4- 0,,,,14,,False
Signals > CH6 > RED primary > Audio 4,Use Name entry to set Label,mat-checkbox,mat-checkbox-56,,,false,,,,,,False
Signals > CH6 > RED primary > Audio 4,Nbr of SDI channels:,input,aud_chan_cnt,aud_chan_cnt,number,2,,0,16,,,False
Signals > CH6 > RED primary > Audio 4,Audio Format:,select,aud-format,aud_format,,Uncompressed,dash-30=Uncompressed | dash-31=Compressed,,,,,False
Signals > CH6 > RED primary > Audio 4,Packet Time:,select,aud_ptime_idx,packetTime,,1 ms,0=1 ms | 1=125 μs | 2=250 μs | 3=333 μs | 5=500 μs,,,,,False
Signals > CH6 > RED primary > Audio 4,Source IP:,mat-checkbox,pkt_filter_src_ip,pkt_filter_src_ip,,false,,,,,,False
Signals > CH6 > RED primary > Audio 4,Source UDP Port:,mat-checkbox,pkt_filter_src_udp,pkt_filter_src_udp,,false,,,,,,False
Signals > CH6 > RED primary > Audio 4,Source MAC:,mat-checkbox,pkt_filter_src_mac,pkt_filter_src_mac,,false,,,,,,False
Signals > CH6 > RED primary > Audio 4,Destination IP:,mat-checkbox,pkt_filter_dst_ip,pkt_filter_dst_ip,,true,,,,,,False
Signals > CH6 > RED primary > Audio 4,Destination UDP Port:,mat-checkbox,pkt_filter_dst_udp,pkt_filter_dst_udp,,false,,,,,,False
Signals > CH6 > RED primary > Audio 4,Destination MAC:,mat-checkbox,pkt_filter_dst_mac,pkt_filter_dst_mac,,false,,,,,,False
Signals > CH6 > RED primary > Audio 4,VLAN:,mat-checkbox,pkt_filter_vlan,pkt_filter_vlan,,false,,,,,,False
Signals > CH6 > RED primary > Ancillary,Source IP:,input,src_ip_addr,src_ip_addr,text,0.0.0.0,,,,,,False
Signals > CH6 > RED primary > Ancillary,Source Port:,input,src_udp_port,src_udp_port,text,0,,,,,,False
Signals > CH6 > RED primary > Ancillary,Destination IP:,input,dst_ip_addr,dst_ip_addr,text,0.0.0.0,,,,,,False
Signals > CH6 > RED primary > Ancillary,Destination Port:,input,dst_udp_port,dst_udp_port,text,0,,,,,,False
Signals > CH6 > RED primary > Ancillary,Destination MAC:,input,dst_mac,dst_mac,text,01:00:5e:05:01:14,,,,,,True
Signals > CH6 > RED primary > Ancillary,VLAN Tag:,input,vlan_tag,vlan_tag,text,0,,,,,,False
Signals > CH6 > RED primary > Ancillary,Enable Flow:,mat-checkbox,network_enable,network_enable,,false,,,,,,False
Signals > CH6 > RED primary > Ancillary,RTP Payload:,input,rtp_pt,rtp_pt,text,100,,,,,,False
Signals > CH6 > RED primary > Ancillary,IGMP SRC IP:,input,igmp_src_ip,igmp_src_ip,text,0.0.0.0,,,,,,False
Signals > CH6 > RED primary > Ancillary,Name:,input,name,name,text,rx ch6 flow 5 pri,,,,24,,False
Signals > CH6 > RED primary > Ancillary,Tags:,input,tags,tags,text,rx ;,,,,,,False
Signals > CH6 > RED primary > Ancillary,Label:,input,label,label,text,F:  5- 5- 0,,,,14,,False
Signals > CH6 > RED primary > Ancillary,Use Name entry to set Label,mat-checkbox,mat-checkbox-56,,,false,,,,,,False
Signals > CH6 > RED primary > Ancillary,Source IP:,mat-checkbox,pkt_filter_src_ip,pkt_filter_src_ip,,false,,,,,,False
Signals > CH6 > RED primary > Ancillary,Source UDP Port:,mat-checkbox,pkt_filter_src_udp,pkt_filter_src_udp,,false,,,,,,False
Signals > CH6 > RED primary > Ancillary,Source MAC:,mat-checkbox,pkt_filter_src_mac,pkt_filter_src_mac,,false,,,,,,False
Signals > CH6 > RED primary > Ancillary,Destination IP:,mat-checkbox,pkt_filter_dst_ip,pkt_filter_dst_ip,,true,,,,,,False
Signals > CH6 > RED primary > Ancillary,Destination UDP Port:,mat-checkbox,pkt_filter_dst_udp,pkt_filter_dst_udp,,false,,,,,,False
Signals > CH6 > RED primary > Ancillary,Destination MAC:,mat-checkbox,pkt_filter_dst_mac,pkt_filter_dst_mac,,false,,,,,,False
Signals > CH6 > RED primary > Ancillary,VLAN:,mat-checkbox,pkt_filter_vlan,pkt_filter_vlan,,false,,,,,,False
Signals > CH6 > BLUE secondary > Video,Video Format:,select,video_format,video_format,,1080p50,1080p50 | 720p50 | 720p59.94 | 720p60 | 720p23.98 | 720p24 | 720p25 | 720p29.97 | 720p30 | 1080p23.98 | 1080psf23.98 | 1080p24 | 1080psf24 | 1080p25 | 1080psf25 | 1080p29.97 | 1080psf29.97 | 1080p30 | 1080psf30 | 1080i47.95 | 1080i48 | 1080i50 | 1080i59.94 | 1080i60 | 1080p59.94 | 1080p60 | 2048x1080p23.98 | 2048x1080p24 | 2048x1080p25 | 2048x1080p29.97 | 2048x1080p30 | 2048x1080p47.95 | 2048x1080p48 | 2048x1080p50 | 2048x1080p59.94 | 2048x1080p60 | 3840x2160p23.98 | 3840x2160p24 | 3840x2160p25 | 3840x2160p29.97 | 3840x2160p30 | 4096x2160p23.98 | 4096x2160p24 | 4096x2160p25 | 4096x2160p29.97 | 4096x2160p30 | 4096x2160p47.95 | 4096x2160p48 | 3840x2160p50 | 3840x2160p59.94 | 3840x2160p60 | 4096x2160p50 | 4096x2160p59.94 | 4096x2160p60,,,,,False
Signals > CH6 > BLUE secondary > Video,Sampling:,mat-radio-group,,sampling,,4:2:2,4:2:2 | 4:4:4,,,,,False
Signals > CH6 > BLUE secondary > Video,Bit Depth:,mat-radio-group,,bit_depth,,10 bits,10 bits | 12 bits,,,,,False
Signals > CH6 > BLUE secondary > Video,Color Space:,mat-radio-group,,colorSpace,,YCbCr,YCbCr | RGB,,,,,False
Signals > CH6 > BLUE secondary > Video,Colorimetry:,select,flow-colorimetry,colorimetry,,BT709,BT709 | BT2020 | BT2100,,,,,False
Signals > CH6 > BLUE secondary > Video,Transfer Characteristics:,select,flow-tranfer_characteristics,tranferCharacteristics,,SDR,SDR | HLG | PQ,,,,,False
Signals > CH6 > BLUE secondary > Video,Source IP:,input,src_ip_addr,src_ip_addr,text,10.7.40.50,,,,,,False
Signals > CH6 > BLUE secondary > Video,Source Port:,input,src_udp_port,src_udp_port,text,0,,,,,,False
Signals > CH6 > BLUE secondary > Video,Destination IP:,input,dst_ip_addr,dst_ip_addr,text,239.65.0.2,,,,,,False
Signals > CH6 > BLUE secondary > Video,Destination Port:,input,dst_udp_port,dst_udp_port,text,20000,,,,,,False
Signals > CH6 > BLUE secondary > Video,Destination MAC:,input,dst_mac,dst_mac,text,01:00:5e:41:00:02,,,,,,True
Signals > CH6 > BLUE secondary > Video,VLAN Tag:,input,vlan_tag,vlan_tag,text,0,,,,,,False
Signals > CH6 > BLUE secondary > Video,Enable Flow:,mat-checkbox,network_enable,network_enable,,true,,,,,,False
Signals > CH6 > BLUE secondary > Video,RTP Payload:,input,rtp_pt,rtp_pt,text,96,,,,,,False
Signals > CH6 > BLUE secondary > Video,IGMP SRC IP:,input,igmp_src_ip,igmp_src_ip,text,0.0.0.0,,,,,,False
Signals > CH6 > BLUE secondary > Video,Sender Type:,select,sender_type,senderType,,Narrow,0=Narrow | 1=Wide,,,,,False
Signals > CH6 > BLUE secondary > Video,Name:,input,name,name,text,rx ch6 flow 0 sec,,,,24,,False
Signals > CH6 > BLUE secondary > Video,Tags:,input,tags,tags,text,rx ;,,,,,,False
Signals > CH6 > BLUE secondary > Video,Label:,input,label,label,text,F:  5- 0- 1,,,,14,,False
Signals > CH6 > BLUE secondary > Video,Use Name entry to set Label,mat-checkbox,mat-checkbox-56,,,false,,,,,,False
Signals > CH6 > BLUE secondary > Video,Source IP:,mat-checkbox,pkt_filter_src_ip,pkt_filter_src_ip,,true,,,,,,False
Signals > CH6 > BLUE secondary > Video,Source UDP Port:,mat-checkbox,pkt_filter_src_udp,pkt_filter_src_udp,,false,,,,,,False
Signals > CH6 > BLUE secondary > Video,Source MAC:,mat-checkbox,pkt_filter_src_mac,pkt_filter_src_mac,,false,,,,,,False
Signals > CH6 > BLUE secondary > Video,Destination IP:,mat-checkbox,pkt_filter_dst_ip,pkt_filter_dst_ip,,true,,,,,,False
Signals > CH6 > BLUE secondary > Video,Destination UDP Port:,mat-checkbox,pkt_filter_dst_udp,pkt_filter_dst_udp,,true,,,,,,False
Signals > CH6 > BLUE secondary > Video,Destination MAC:,mat-checkbox,pkt_filter_dst_mac,pkt_filter_dst_mac,,false,,,,,,False
Signals > CH6 > BLUE secondary > Video,VLAN:,mat-checkbox,pkt_filter_vlan,pkt_filter_vlan,,false,,,,,,False
Signals > CH6 > BLUE secondary > Audio 1,Source IP:,input,src_ip_addr,src_ip_addr,text,0.0.0.0,,,,,,False
Signals > CH6 > BLUE secondary > Audio 1,Source Port:,input,src_udp_port,src_udp_port,text,0,,,,,,False
Signals > CH6 > BLUE secondary > Audio 1,Destination IP:,input,dst_ip_addr,dst_ip_addr,text,0.0.0.0,,,,,,False
Signals > CH6 > BLUE secondary > Audio 1,Destination Port:,input,dst_udp_port,dst_udp_port,text,0,,,,,,False
Signals > CH6 > BLUE secondary > Audio 1,Destination MAC:,input,dst_mac,dst_mac,text,01:00:5e:05:01:05,,,,,,True
Signals > CH6 > BLUE secondary > Audio 1,VLAN Tag:,input,vlan_tag,vlan_tag,text,0,,,,,,False
Signals > CH6 > BLUE secondary > Audio 1,Enable Flow:,mat-checkbox,network_enable,network_enable,,false,,,,,,False
Signals > CH6 > BLUE secondary > Audio 1,RTP Payload:,input,rtp_pt,rtp_pt,text,97,,,,,,False
Signals > CH6 > BLUE secondary > Audio 1,IGMP SRC IP:,input,igmp_src_ip,igmp_src_ip,text,0.0.0.0,,,,,,False
Signals > CH6 > BLUE secondary > Audio 1,Name:,input,name,name,text,rx ch6 flow 1 sec,,,,24,,False
Signals > CH6 > BLUE secondary > Audio 1,Tags:,input,tags,tags,text,rx ;,,,,,,False
Signals > CH6 > BLUE secondary > Audio 1,Label:,input,label,label,text,F:  5- 1- 1,,,,14,,False
Signals > CH6 > BLUE secondary > Audio 1,Use Name entry to set Label,mat-checkbox,mat-checkbox-56,,,false,,,,,,False
Signals > CH6 > BLUE secondary > Audio 1,Nbr of SDI channels:,input,aud_chan_cnt,aud_chan_cnt,number,2,,0,16,,,False
Signals > CH6 > BLUE secondary > Audio 1,Audio Format:,select,aud-format,aud_format,,Uncompressed,dash-30=Uncompressed | dash-31=Compressed,,,,,False
Signals > CH6 > BLUE secondary > Audio 1,Packet Time:,select,aud_ptime_idx,packetTime,,1 ms,0=1 ms | 1=125 μs | 2=250 μs | 3=333 μs | 5=500 μs,,,,,False
Signals > CH6 > BLUE secondary > Audio 1,Source IP:,mat-checkbox,pkt_filter_src_ip,pkt_filter_src_ip,,false,,,,,,False
Signals > CH6 > BLUE secondary > Audio 1,Source UDP Port:,mat-checkbox,pkt_filter_src_udp,pkt_filter_src_udp,,false,,,,,,False
Signals > CH6 > BLUE secondary > Audio 1,Source MAC:,mat-checkbox,pkt_filter_src_mac,pkt_filter_src_mac,,false,,,,,,False
Signals > CH6 > BLUE secondary > Audio 1,Destination IP:,mat-checkbox,pkt_filter_dst_ip,pkt_filter_dst_ip,,true,,,,,,False
Signals > CH6 > BLUE secondary > Audio 1,Destination UDP Port:,mat-checkbox,pkt_filter_dst_udp,pkt_filter_dst_udp,,false,,,,,,False
Signals > CH6 > BLUE secondary > Audio 1,Destination MAC:,mat-checkbox,pkt_filter_dst_mac,pkt_filter_dst_mac,,false,,,,,,False
Signals > CH6 > BLUE secondary > Audio 1,VLAN:,mat-checkbox,pkt_filter_vlan,pkt_filter_vlan,,false,,,,,,False
Signals > CH6 > BLUE secondary > Audio 2,Source IP:,input,src_ip_addr,src_ip_addr,text,0.0.0.0,,,,,,False
Signals > CH6 > BLUE secondary > Audio 2,Source Port:,input,src_udp_port,src_udp_port,text,0,,,,,,False
Signals > CH6 > BLUE secondary > Audio 2,Destination IP:,input,dst_ip_addr,dst_ip_addr,text,0.0.0.0,,,,,,False
Signals > CH6 > BLUE secondary > Audio 2,Destination Port:,input,dst_udp_port,dst_udp_port,text,0,,,,,,False
Signals > CH6 > BLUE secondary > Audio 2,Destination MAC:,input,dst_mac,dst_mac,text,01:00:5e:05:01:07,,,,,,True
Signals > CH6 > BLUE secondary > Audio 2,VLAN Tag:,input,vlan_tag,vlan_tag,text,0,,,,,,False
Signals > CH6 > BLUE secondary > Audio 2,Enable Flow:,mat-checkbox,network_enable,network_enable,,false,,,,,,False
Signals > CH6 > BLUE secondary > Audio 2,RTP Payload:,input,rtp_pt,rtp_pt,text,97,,,,,,False
Signals > CH6 > BLUE secondary > Audio 2,IGMP SRC IP:,input,igmp_src_ip,igmp_src_ip,text,0.0.0.0,,,,,,False
Signals > CH6 > BLUE secondary > Audio 2,Name:,input,name,name,text,rx ch6 flow 2 sec,,,,24,,False
Signals > CH6 > BLUE secondary > Audio 2,Tags:,input,tags,tags,text,rx ;,,,,,,False
Signals > CH6 > BLUE secondary > Audio 2,Label:,input,label,label,text,F:  5- 2- 1,,,,14,,False
Signals > CH6 > BLUE secondary > Audio 2,Use Name entry to set Label,mat-checkbox,mat-checkbox-56,,,false,,,,,,False
Signals > CH6 > BLUE secondary > Audio 2,Nbr of SDI channels:,input,aud_chan_cnt,aud_chan_cnt,number,2,,0,16,,,False
Signals > CH6 > BLUE secondary > Audio 2,Audio Format:,select,aud-format,aud_format,,Uncompressed,dash-30=Uncompressed | dash-31=Compressed,,,,,False
Signals > CH6 > BLUE secondary > Audio 2,Packet Time:,select,aud_ptime_idx,packetTime,,1 ms,0=1 ms | 1=125 μs | 2=250 μs | 3=333 μs | 5=500 μs,,,,,False
Signals > CH6 > BLUE secondary > Audio 2,Source IP:,mat-checkbox,pkt_filter_src_ip,pkt_filter_src_ip,,false,,,,,,False
Signals > CH6 > BLUE secondary > Audio 2,Source UDP Port:,mat-checkbox,pkt_filter_src_udp,pkt_filter_src_udp,,false,,,,,,False
Signals > CH6 > BLUE secondary > Audio 2,Source MAC:,mat-checkbox,pkt_filter_src_mac,pkt_filter_src_mac,,false,,,,,,False
Signals > CH6 > BLUE secondary > Audio 2,Destination IP:,mat-checkbox,pkt_filter_dst_ip,pkt_filter_dst_ip,,true,,,,,,False
Signals > CH6 > BLUE secondary > Audio 2,Destination UDP Port:,mat-checkbox,pkt_filter_dst_udp,pkt_filter_dst_udp,,false,,,,,,False
Signals > CH6 > BLUE secondary > Audio 2,Destination MAC:,mat-checkbox,pkt_filter_dst_mac,pkt_filter_dst_mac,,false,,,,,,False
Signals > CH6 > BLUE secondary > Audio 2,VLAN:,mat-checkbox,pkt_filter_vlan,pkt_filter_vlan,,false,,,,,,False
Signals > CH6 > BLUE secondary > Audio 3,Source IP:,input,src_ip_addr,src_ip_addr,text,0.0.0.0,,,,,,False
Signals > CH6 > BLUE secondary > Audio 3,Source Port:,input,src_udp_port,src_udp_port,text,0,,,,,,False
Signals > CH6 > BLUE secondary > Audio 3,Destination IP:,input,dst_ip_addr,dst_ip_addr,text,0.0.0.0,,,,,,False
Signals > CH6 > BLUE secondary > Audio 3,Destination Port:,input,dst_udp_port,dst_udp_port,text,0,,,,,,False
Signals > CH6 > BLUE secondary > Audio 3,Destination MAC:,input,dst_mac,dst_mac,text,01:00:5e:05:01:09,,,,,,True
Signals > CH6 > BLUE secondary > Audio 3,VLAN Tag:,input,vlan_tag,vlan_tag,text,0,,,,,,False
Signals > CH6 > BLUE secondary > Audio 3,Enable Flow:,mat-checkbox,network_enable,network_enable,,false,,,,,,False
Signals > CH6 > BLUE secondary > Audio 3,RTP Payload:,input,rtp_pt,rtp_pt,text,97,,,,,,False
Signals > CH6 > BLUE secondary > Audio 3,IGMP SRC IP:,input,igmp_src_ip,igmp_src_ip,text,0.0.0.0,,,,,,False
Signals > CH6 > BLUE secondary > Audio 3,Name:,input,name,name,text,rx ch6 flow 3 sec,,,,24,,False
Signals > CH6 > BLUE secondary > Audio 3,Tags:,input,tags,tags,text,rx ;,,,,,,False
Signals > CH6 > BLUE secondary > Audio 3,Label:,input,label,label,text,F:  5- 3- 1,,,,14,,False
Signals > CH6 > BLUE secondary > Audio 3,Use Name entry to set Label,mat-checkbox,mat-checkbox-56,,,false,,,,,,False
Signals > CH6 > BLUE secondary > Audio 3,Nbr of SDI channels:,input,aud_chan_cnt,aud_chan_cnt,number,2,,0,16,,,False
Signals > CH6 > BLUE secondary > Audio 3,Audio Format:,select,aud-format,aud_format,,Uncompressed,dash-30=Uncompressed | dash-31=Compressed,,,,,False
Signals > CH6 > BLUE secondary > Audio 3,Packet Time:,select,aud_ptime_idx,packetTime,,1 ms,0=1 ms | 1=125 μs | 2=250 μs | 3=333 μs | 5=500 μs,,,,,False
Signals > CH6 > BLUE secondary > Audio 3,Source IP:,mat-checkbox,pkt_filter_src_ip,pkt_filter_src_ip,,false,,,,,,False
Signals > CH6 > BLUE secondary > Audio 3,Source UDP Port:,mat-checkbox,pkt_filter_src_udp,pkt_filter_src_udp,,false,,,,,,False
Signals > CH6 > BLUE secondary > Audio 3,Source MAC:,mat-checkbox,pkt_filter_src_mac,pkt_filter_src_mac,,false,,,,,,False
Signals > CH6 > BLUE secondary > Audio 3,Destination IP:,mat-checkbox,pkt_filter_dst_ip,pkt_filter_dst_ip,,true,,,,,,False
Signals > CH6 > BLUE secondary > Audio 3,Destination UDP Port:,mat-checkbox,pkt_filter_dst_udp,pkt_filter_dst_udp,,false,,,,,,False
Signals > CH6 > BLUE secondary > Audio 3,Destination MAC:,mat-checkbox,pkt_filter_dst_mac,pkt_filter_dst_mac,,false,,,,,,False
Signals > CH6 > BLUE secondary > Audio 3,VLAN:,mat-checkbox,pkt_filter_vlan,pkt_filter_vlan,,false,,,,,,False
Signals > CH6 > BLUE secondary > Audio 4,Source IP:,input,src_ip_addr,src_ip_addr,text,0.0.0.0,,,,,,False
Signals > CH6 > BLUE secondary > Audio 4,Source Port:,input,src_udp_port,src_udp_port,text,0,,,,,,False
Signals > CH6 > BLUE secondary > Audio 4,Destination IP:,input,dst_ip_addr,dst_ip_addr,text,0.0.0.0,,,,,,False
Signals > CH6 > BLUE secondary > Audio 4,Destination Port:,input,dst_udp_port,dst_udp_port,text,0,,,,,,False
Signals > CH6 > BLUE secondary > Audio 4,Destination MAC:,input,dst_mac,dst_mac,text,01:00:5e:05:01:0b,,,,,,True
Signals > CH6 > BLUE secondary > Audio 4,VLAN Tag:,input,vlan_tag,vlan_tag,text,0,,,,,,False
Signals > CH6 > BLUE secondary > Audio 4,Enable Flow:,mat-checkbox,network_enable,network_enable,,false,,,,,,False
Signals > CH6 > BLUE secondary > Audio 4,RTP Payload:,input,rtp_pt,rtp_pt,text,97,,,,,,False
Signals > CH6 > BLUE secondary > Audio 4,IGMP SRC IP:,input,igmp_src_ip,igmp_src_ip,text,0.0.0.0,,,,,,False
Signals > CH6 > BLUE secondary > Audio 4,Name:,input,name,name,text,rx ch6 flow 4 sec,,,,24,,False
Signals > CH6 > BLUE secondary > Audio 4,Tags:,input,tags,tags,text,rx ;,,,,,,False
Signals > CH6 > BLUE secondary > Audio 4,Label:,input,label,label,text,F:  5- 4- 1,,,,14,,False
Signals > CH6 > BLUE secondary > Audio 4,Use Name entry to set Label,mat-checkbox,mat-checkbox-56,,,false,,,,,,False
Signals > CH6 > BLUE secondary > Audio 4,Nbr of SDI channels:,input,aud_chan_cnt,aud_chan_cnt,number,2,,0,16,,,False
Signals > CH6 > BLUE secondary > Audio 4,Audio Format:,select,aud-format,aud_format,,Uncompressed,dash-30=Uncompressed | dash-31=Compressed,,,,,False
Signals > CH6 > BLUE secondary > Audio 4,Packet Time:,select,aud_ptime_idx,packetTime,,1 ms,0=1 ms | 1=125 μs | 2=250 μs | 3=333 μs | 5=500 μs,,,,,False
Signals > CH6 > BLUE secondary > Audio 4,Source IP:,mat-checkbox,pkt_filter_src_ip,pkt_filter_src_ip,,false,,,,,,False
Signals > CH6 > BLUE secondary > Audio 4,Source UDP Port:,mat-checkbox,pkt_filter_src_udp,pkt_filter_src_udp,,false,,,,,,False
Signals > CH6 > BLUE secondary > Audio 4,Source MAC:,mat-checkbox,pkt_filter_src_mac,pkt_filter_src_mac,,false,,,,,,False
Signals > CH6 > BLUE secondary > Audio 4,Destination IP:,mat-checkbox,pkt_filter_dst_ip,pkt_filter_dst_ip,,true,,,,,,False
Signals > CH6 > BLUE secondary > Audio 4,Destination UDP Port:,mat-checkbox,pkt_filter_dst_udp,pkt_filter_dst_udp,,false,,,,,,False
Signals > CH6 > BLUE secondary > Audio 4,Destination MAC:,mat-checkbox,pkt_filter_dst_mac,pkt_filter_dst_mac,,false,,,,,,False
Signals > CH6 > BLUE secondary > Audio 4,VLAN:,mat-checkbox,pkt_filter_vlan,pkt_filter_vlan,,false,,,,,,False
Signals > CH6 > BLUE secondary > Ancillary,Source IP:,input,src_ip_addr,src_ip_addr,text,0.0.0.0,,,,,,False
Signals > CH6 > BLUE secondary > Ancillary,Source Port:,input,src_udp_port,src_udp_port,text,0,,,,,,False
Signals > CH6 > BLUE secondary > Ancillary,Destination IP:,input,dst_ip_addr,dst_ip_addr,text,0.0.0.0,,,,,,False
Signals > CH6 > BLUE secondary > Ancillary,Destination Port:,input,dst_udp_port,dst_udp_port,text,0,,,,,,False
Signals > CH6 > BLUE secondary > Ancillary,Destination MAC:,input,dst_mac,dst_mac,text,01:00:5e:05:01:15,,,,,,True
Signals > CH6 > BLUE secondary > Ancillary,VLAN Tag:,input,vlan_tag,vlan_tag,text,0,,,,,,False
Signals > CH6 > BLUE secondary > Ancillary,Enable Flow:,mat-checkbox,network_enable,network_enable,,false,,,,,,False
Signals > CH6 > BLUE secondary > Ancillary,RTP Payload:,input,rtp_pt,rtp_pt,text,100,,,,,,False
Signals > CH6 > BLUE secondary > Ancillary,IGMP SRC IP:,input,igmp_src_ip,igmp_src_ip,text,0.0.0.0,,,,,,False
Signals > CH6 > BLUE secondary > Ancillary,Name:,input,name,name,text,rx ch6 flow 5 sec,,,,24,,False
Signals > CH6 > BLUE secondary > Ancillary,Tags:,input,tags,tags,text,rx ;,,,,,,False
Signals > CH6 > BLUE secondary > Ancillary,Label:,input,label,label,text,F:  5- 5- 1,,,,14,,False
Signals > CH6 > BLUE secondary > Ancillary,Use Name entry to set Label,mat-checkbox,mat-checkbox-56,,,false,,,,,,False
Signals > CH6 > BLUE secondary > Ancillary,Source IP:,mat-checkbox,pkt_filter_src_ip,pkt_filter_src_ip,,false,,,,,,False
Signals > CH6 > BLUE secondary > Ancillary,Source UDP Port:,mat-checkbox,pkt_filter_src_udp,pkt_filter_src_udp,,false,,,,,,False
Signals > CH6 > BLUE secondary > Ancillary,Source MAC:,mat-checkbox,pkt_filter_src_mac,pkt_filter_src_mac,,false,,,,,,False
Signals > CH6 > BLUE secondary > Ancillary,Destination IP:,mat-checkbox,pkt_filter_dst_ip,pkt_filter_dst_ip,,true,,,,,,False
Signals > CH6 > BLUE secondary > Ancillary,Destination UDP Port:,mat-checkbox,pkt_filter_dst_udp,pkt_filter_dst_udp,,false,,,,,,False
Signals > CH6 > BLUE secondary > Ancillary,Destination MAC:,mat-checkbox,pkt_filter_dst_mac,pkt_filter_dst_mac,,false,,,,,,False
Signals > CH6 > BLUE secondary > Ancillary,VLAN:,mat-checkbox,pkt_filter_vlan,pkt_filter_vlan,,false,,,,,,False
Signals > CH7 > RED primary > Video,Source IP:,input,src_ip_addr,src_ip_addr,text,0.0.0.0,,,,,,False
Signals > CH7 > RED primary > Video,Auto Set Source IP:,mat-checkbox,auto_set_source_ip,auto_set_source_ip,,false,,,,,,False
Signals > CH7 > RED primary > Video,Source Port:,input,src_udp_port,src_udp_port,text,0,,,,,,False
Signals > CH7 > RED primary > Video,Destination IP:,input,dst_ip_addr,dst_ip_addr,text,0.0.0.0,,,,,,False
Signals > CH7 > RED primary > Video,Destination Port:,input,dst_udp_port,dst_udp_port,text,0,,,,,,False
Signals > CH7 > RED primary > Video,Destination MAC:,input,dst_mac,dst_mac,text,01:00:5e:06:01:02,,,,,,True
Signals > CH7 > RED primary > Video,VLAN Tag:,input,vlan_tag,vlan_tag,text,0,,,,,,False
Signals > CH7 > RED primary > Video,Enable Flow:,mat-checkbox,network_enable,network_enable,,false,,,,,,False
Signals > CH7 > RED primary > Video,RTP Payload:,input,rtp_pt,rtp_pt,text,96,,,,,,False
Signals > CH7 > RED primary > Video,Name:,input,name,name,text,tx ch7 flow 0 pri,,,,24,,False
Signals > CH7 > RED primary > Video,Tags:,input,tags,tags,text,tx;,,,,,,False
Signals > CH7 > RED primary > Video,Label:,input,label,label,text,F:  6- 0- 0,,,,14,,False
Signals > CH7 > RED primary > Video,Use Name entry to set Label,mat-checkbox,mat-checkbox-56,,,false,,,,,,False
Signals > CH7 > RED primary > Audio 1,Source IP:,input,src_ip_addr,src_ip_addr,text,0.0.0.0,,,,,,False
Signals > CH7 > RED primary > Audio 1,Auto Set Source IP:,mat-checkbox,auto_set_source_ip,auto_set_source_ip,,false,,,,,,False
Signals > CH7 > RED primary > Audio 1,Source Port:,input,src_udp_port,src_udp_port,text,0,,,,,,False
Signals > CH7 > RED primary > Audio 1,Destination IP:,input,dst_ip_addr,dst_ip_addr,text,0.0.0.0,,,,,,False
Signals > CH7 > RED primary > Audio 1,Destination Port:,input,dst_udp_port,dst_udp_port,text,0,,,,,,False
Signals > CH7 > RED primary > Audio 1,Destination MAC:,input,dst_mac,dst_mac,text,01:00:5e:06:01:04,,,,,,True
Signals > CH7 > RED primary > Audio 1,VLAN Tag:,input,vlan_tag,vlan_tag,text,0,,,,,,False
Signals > CH7 > RED primary > Audio 1,Enable Flow:,mat-checkbox,network_enable,network_enable,,false,,,,,,False
Signals > CH7 > RED primary > Audio 1,RTP Payload:,input,rtp_pt,rtp_pt,text,97,,,,,,False
Signals > CH7 > RED primary > Audio 1,Name:,input,name,name,text,tx ch7 flow 1 pri,,,,24,,False
Signals > CH7 > RED primary > Audio 1,Tags:,input,tags,tags,text,tx ;,,,,,,False
Signals > CH7 > RED primary > Audio 1,Label:,input,label,label,text,F:  6- 1- 0,,,,14,,False
Signals > CH7 > RED primary > Audio 1,Use Name entry to set Label,mat-checkbox,mat-checkbox-56,,,false,,,,,,False
Signals > CH7 > RED primary > Audio 1,Nbr of SDI channels:,input,aud_chan_cnt,aud_chan_cnt,number,2,,0,16,,,False
Signals > CH7 > RED primary > Audio 1,Audio Format:,select,aud-format,aud_format,,Uncompressed,dash-30=Uncompressed | dash-31=Compressed,,,,,False
Signals > CH7 > RED primary > Audio 1,Packet Time:,select,aud_ptime_idx,packetTime,,1 ms,0=1 ms | 1=125 μs | 2=250 μs | 3=333 μs | 5=500 μs,,,,,False
Signals > CH7 > RED primary > Audio 2,Source IP:,input,src_ip_addr,src_ip_addr,text,0.0.0.0,,,,,,False
Signals > CH7 > RED primary > Audio 2,Auto Set Source IP:,mat-checkbox,auto_set_source_ip,auto_set_source_ip,,false,,,,,,False
Signals > CH7 > RED primary > Audio 2,Source Port:,input,src_udp_port,src_udp_port,text,0,,,,,,False
Signals > CH7 > RED primary > Audio 2,Destination IP:,input,dst_ip_addr,dst_ip_addr,text,0.0.0.0,,,,,,False
Signals > CH7 > RED primary > Audio 2,Destination Port:,input,dst_udp_port,dst_udp_port,text,0,,,,,,False
Signals > CH7 > RED primary > Audio 2,Destination MAC:,input,dst_mac,dst_mac,text,01:00:5e:06:01:06,,,,,,True
Signals > CH7 > RED primary > Audio 2,VLAN Tag:,input,vlan_tag,vlan_tag,text,0,,,,,,False
Signals > CH7 > RED primary > Audio 2,Enable Flow:,mat-checkbox,network_enable,network_enable,,false,,,,,,False
Signals > CH7 > RED primary > Audio 2,RTP Payload:,input,rtp_pt,rtp_pt,text,97,,,,,,False
Signals > CH7 > RED primary > Audio 2,Name:,input,name,name,text,tx ch7 flow 2 pri,,,,24,,False
Signals > CH7 > RED primary > Audio 2,Tags:,input,tags,tags,text,tx ;,,,,,,False
Signals > CH7 > RED primary > Audio 2,Label:,input,label,label,text,F:  6- 2- 0,,,,14,,False
Signals > CH7 > RED primary > Audio 2,Use Name entry to set Label,mat-checkbox,mat-checkbox-56,,,false,,,,,,False
Signals > CH7 > RED primary > Audio 2,Nbr of SDI channels:,input,aud_chan_cnt,aud_chan_cnt,number,2,,0,16,,,False
Signals > CH7 > RED primary > Audio 2,Audio Format:,select,aud-format,aud_format,,Uncompressed,dash-30=Uncompressed | dash-31=Compressed,,,,,False
Signals > CH7 > RED primary > Audio 2,Packet Time:,select,aud_ptime_idx,packetTime,,1 ms,0=1 ms | 1=125 μs | 2=250 μs | 3=333 μs | 5=500 μs,,,,,False
Signals > CH7 > RED primary > Audio 3,Source IP:,input,src_ip_addr,src_ip_addr,text,0.0.0.0,,,,,,False
Signals > CH7 > RED primary > Audio 3,Auto Set Source IP:,mat-checkbox,auto_set_source_ip,auto_set_source_ip,,false,,,,,,False
Signals > CH7 > RED primary > Audio 3,Source Port:,input,src_udp_port,src_udp_port,text,0,,,,,,False
Signals > CH7 > RED primary > Audio 3,Destination IP:,input,dst_ip_addr,dst_ip_addr,text,0.0.0.0,,,,,,False
Signals > CH7 > RED primary > Audio 3,Destination Port:,input,dst_udp_port,dst_udp_port,text,0,,,,,,False
Signals > CH7 > RED primary > Audio 3,Destination MAC:,input,dst_mac,dst_mac,text,01:00:5e:06:01:08,,,,,,True
Signals > CH7 > RED primary > Audio 3,VLAN Tag:,input,vlan_tag,vlan_tag,text,0,,,,,,False
Signals > CH7 > RED primary > Audio 3,Enable Flow:,mat-checkbox,network_enable,network_enable,,false,,,,,,False
Signals > CH7 > RED primary > Audio 3,RTP Payload:,input,rtp_pt,rtp_pt,text,97,,,,,,False
Signals > CH7 > RED primary > Audio 3,Name:,input,name,name,text,tx ch7 flow 3 pri,,,,24,,False
Signals > CH7 > RED primary > Audio 3,Tags:,input,tags,tags,text,tx ;,,,,,,False
Signals > CH7 > RED primary > Audio 3,Label:,input,label,label,text,F:  6- 3- 0,,,,14,,False
Signals > CH7 > RED primary > Audio 3,Use Name entry to set Label,mat-checkbox,mat-checkbox-56,,,false,,,,,,False
Signals > CH7 > RED primary > Audio 3,Nbr of SDI channels:,input,aud_chan_cnt,aud_chan_cnt,number,2,,0,16,,,False
Signals > CH7 > RED primary > Audio 3,Audio Format:,select,aud-format,aud_format,,Uncompressed,dash-30=Uncompressed | dash-31=Compressed,,,,,False
Signals > CH7 > RED primary > Audio 3,Packet Time:,select,aud_ptime_idx,packetTime,,1 ms,0=1 ms | 1=125 μs | 2=250 μs | 3=333 μs | 5=500 μs,,,,,False
Signals > CH7 > RED primary > Audio 4,Source IP:,input,src_ip_addr,src_ip_addr,text,0.0.0.0,,,,,,False
Signals > CH7 > RED primary > Audio 4,Auto Set Source IP:,mat-checkbox,auto_set_source_ip,auto_set_source_ip,,false,,,,,,False
Signals > CH7 > RED primary > Audio 4,Source Port:,input,src_udp_port,src_udp_port,text,0,,,,,,False
Signals > CH7 > RED primary > Audio 4,Destination IP:,input,dst_ip_addr,dst_ip_addr,text,0.0.0.0,,,,,,False
Signals > CH7 > RED primary > Audio 4,Destination Port:,input,dst_udp_port,dst_udp_port,text,0,,,,,,False
Signals > CH7 > RED primary > Audio 4,Destination MAC:,input,dst_mac,dst_mac,text,01:00:5e:06:01:0a,,,,,,True
Signals > CH7 > RED primary > Audio 4,VLAN Tag:,input,vlan_tag,vlan_tag,text,0,,,,,,False
Signals > CH7 > RED primary > Audio 4,Enable Flow:,mat-checkbox,network_enable,network_enable,,false,,,,,,False
Signals > CH7 > RED primary > Audio 4,RTP Payload:,input,rtp_pt,rtp_pt,text,97,,,,,,False
Signals > CH7 > RED primary > Audio 4,Name:,input,name,name,text,tx ch7 flow 4 pri,,,,24,,False
Signals > CH7 > RED primary > Audio 4,Tags:,input,tags,tags,text,tx ;,,,,,,False
Signals > CH7 > RED primary > Audio 4,Label:,input,label,label,text,F:  6- 4- 0,,,,14,,False
Signals > CH7 > RED primary > Audio 4,Use Name entry to set Label,mat-checkbox,mat-checkbox-56,,,false,,,,,,False
Signals > CH7 > RED primary > Audio 4,Nbr of SDI channels:,input,aud_chan_cnt,aud_chan_cnt,number,2,,0,16,,,False
Signals > CH7 > RED primary > Audio 4,Audio Format:,select,aud-format,aud_format,,Uncompressed,dash-30=Uncompressed | dash-31=Compressed,,,,,False
Signals > CH7 > RED primary > Audio 4,Packet Time:,select,aud_ptime_idx,packetTime,,1 ms,0=1 ms | 1=125 μs | 2=250 μs | 3=333 μs | 5=500 μs,,,,,False
Signals > CH7 > RED primary > Ancillary,Source IP:,input,src_ip_addr,src_ip_addr,text,0.0.0.0,,,,,,False
Signals > CH7 > RED primary > Ancillary,Auto Set Source IP:,mat-checkbox,auto_set_source_ip,auto_set_source_ip,,false,,,,,,False
Signals > CH7 > RED primary > Ancillary,Source Port:,input,src_udp_port,src_udp_port,text,0,,,,,,False
Signals > CH7 > RED primary > Ancillary,Destination IP:,input,dst_ip_addr,dst_ip_addr,text,0.0.0.0,,,,,,False
Signals > CH7 > RED primary > Ancillary,Destination Port:,input,dst_udp_port,dst_udp_port,text,0,,,,,,False
Signals > CH7 > RED primary > Ancillary,Destination MAC:,input,dst_mac,dst_mac,text,01:00:5e:06:01:14,,,,,,True
Signals > CH7 > RED primary > Ancillary,VLAN Tag:,input,vlan_tag,vlan_tag,text,0,,,,,,False
Signals > CH7 > RED primary > Ancillary,Enable Flow:,mat-checkbox,network_enable,network_enable,,false,,,,,,False
Signals > CH7 > RED primary > Ancillary,RTP Payload:,input,rtp_pt,rtp_pt,text,100,,,,,,False
Signals > CH7 > RED primary > Ancillary,Name:,input,name,name,text,tx ch7 flow 5 pri,,,,24,,False
Signals > CH7 > RED primary > Ancillary,Tags:,input,tags,tags,text,tx ;,,,,,,False
Signals > CH7 > RED primary > Ancillary,Label:,input,label,label,text,F:  6- 5- 0,,,,14,,False
Signals > CH7 > RED primary > Ancillary,Use Name entry to set Label,mat-checkbox,mat-checkbox-56,,,false,,,,,,False
Signals > CH7 > RED primary > Ancillary,ANC Flow Profile:,select,anc_flow_profile,anc_flow_profile,,Packet by packet,0=End of field event | 1=1ms from decoding | 2=Packet by packet,,,,,False
Signals > CH7 > BLUE secondary > Video,Source IP:,input,src_ip_addr,src_ip_addr,text,0.0.0.0,,,,,,False
Signals > CH7 > BLUE secondary > Video,Auto Set Source IP:,mat-checkbox,auto_set_source_ip,auto_set_source_ip,,false,,,,,,False
Signals > CH7 > BLUE secondary > Video,Source Port:,input,src_udp_port,src_udp_port,text,0,,,,,,False
Signals > CH7 > BLUE secondary > Video,Destination IP:,input,dst_ip_addr,dst_ip_addr,text,0.0.0.0,,,,,,False
Signals > CH7 > BLUE secondary > Video,Destination Port:,input,dst_udp_port,dst_udp_port,text,0,,,,,,False
Signals > CH7 > BLUE secondary > Video,Destination MAC:,input,dst_mac,dst_mac,text,01:00:5e:06:01:03,,,,,,True
Signals > CH7 > BLUE secondary > Video,VLAN Tag:,input,vlan_tag,vlan_tag,text,0,,,,,,False
Signals > CH7 > BLUE secondary > Video,Enable Flow:,mat-checkbox,network_enable,network_enable,,false,,,,,,False
Signals > CH7 > BLUE secondary > Video,RTP Payload:,input,rtp_pt,rtp_pt,text,96,,,,,,False
Signals > CH7 > BLUE secondary > Video,Name:,input,name,name,text,tx ch7 flow 0 sec,,,,24,,False
Signals > CH7 > BLUE secondary > Video,Tags:,input,tags,tags,text,tx ;,,,,,,False
Signals > CH7 > BLUE secondary > Video,Label:,input,label,label,text,F:  6- 0- 1,,,,14,,False
Signals > CH7 > BLUE secondary > Video,Use Name entry to set Label,mat-checkbox,mat-checkbox-56,,,false,,,,,,False
Signals > CH7 > BLUE secondary > Audio 1,Source IP:,input,src_ip_addr,src_ip_addr,text,0.0.0.0,,,,,,False
Signals > CH7 > BLUE secondary > Audio 1,Auto Set Source IP:,mat-checkbox,auto_set_source_ip,auto_set_source_ip,,false,,,,,,False
Signals > CH7 > BLUE secondary > Audio 1,Source Port:,input,src_udp_port,src_udp_port,text,0,,,,,,False
Signals > CH7 > BLUE secondary > Audio 1,Destination IP:,input,dst_ip_addr,dst_ip_addr,text,0.0.0.0,,,,,,False
Signals > CH7 > BLUE secondary > Audio 1,Destination Port:,input,dst_udp_port,dst_udp_port,text,0,,,,,,False
Signals > CH7 > BLUE secondary > Audio 1,Destination MAC:,input,dst_mac,dst_mac,text,01:00:5e:06:01:05,,,,,,True
Signals > CH7 > BLUE secondary > Audio 1,VLAN Tag:,input,vlan_tag,vlan_tag,text,0,,,,,,False
Signals > CH7 > BLUE secondary > Audio 1,Enable Flow:,mat-checkbox,network_enable,network_enable,,false,,,,,,False
Signals > CH7 > BLUE secondary > Audio 1,RTP Payload:,input,rtp_pt,rtp_pt,text,97,,,,,,False
Signals > CH7 > BLUE secondary > Audio 1,Name:,input,name,name,text,tx ch7 flow 1 sec,,,,24,,False
Signals > CH7 > BLUE secondary > Audio 1,Tags:,input,tags,tags,text,tx ;,,,,,,False
Signals > CH7 > BLUE secondary > Audio 1,Label:,input,label,label,text,F:  6- 1- 1,,,,14,,False
Signals > CH7 > BLUE secondary > Audio 1,Use Name entry to set Label,mat-checkbox,mat-checkbox-56,,,false,,,,,,False
Signals > CH7 > BLUE secondary > Audio 1,Nbr of SDI channels:,input,aud_chan_cnt,aud_chan_cnt,number,2,,0,16,,,False
Signals > CH7 > BLUE secondary > Audio 1,Audio Format:,select,aud-format,aud_format,,Uncompressed,dash-30=Uncompressed | dash-31=Compressed,,,,,False
Signals > CH7 > BLUE secondary > Audio 1,Packet Time:,select,aud_ptime_idx,packetTime,,1 ms,0=1 ms | 1=125 μs | 2=250 μs | 3=333 μs | 5=500 μs,,,,,False
Signals > CH7 > BLUE secondary > Audio 2,Source IP:,input,src_ip_addr,src_ip_addr,text,0.0.0.0,,,,,,False
Signals > CH7 > BLUE secondary > Audio 2,Auto Set Source IP:,mat-checkbox,auto_set_source_ip,auto_set_source_ip,,false,,,,,,False
Signals > CH7 > BLUE secondary > Audio 2,Source Port:,input,src_udp_port,src_udp_port,text,0,,,,,,False
Signals > CH7 > BLUE secondary > Audio 2,Destination IP:,input,dst_ip_addr,dst_ip_addr,text,0.0.0.0,,,,,,False
Signals > CH7 > BLUE secondary > Audio 2,Destination Port:,input,dst_udp_port,dst_udp_port,text,0,,,,,,False
Signals > CH7 > BLUE secondary > Audio 2,Destination MAC:,input,dst_mac,dst_mac,text,01:00:5e:06:01:07,,,,,,True
Signals > CH7 > BLUE secondary > Audio 2,VLAN Tag:,input,vlan_tag,vlan_tag,text,0,,,,,,False
Signals > CH7 > BLUE secondary > Audio 2,Enable Flow:,mat-checkbox,network_enable,network_enable,,false,,,,,,False
Signals > CH7 > BLUE secondary > Audio 2,RTP Payload:,input,rtp_pt,rtp_pt,text,97,,,,,,False
Signals > CH7 > BLUE secondary > Audio 2,Name:,input,name,name,text,tx ch7 flow 2 sec,,,,24,,False
Signals > CH7 > BLUE secondary > Audio 2,Tags:,input,tags,tags,text,tx ;,,,,,,False
Signals > CH7 > BLUE secondary > Audio 2,Label:,input,label,label,text,F:  6- 2- 1,,,,14,,False
Signals > CH7 > BLUE secondary > Audio 2,Use Name entry to set Label,mat-checkbox,mat-checkbox-56,,,false,,,,,,False
Signals > CH7 > BLUE secondary > Audio 2,Nbr of SDI channels:,input,aud_chan_cnt,aud_chan_cnt,number,2,,0,16,,,False
Signals > CH7 > BLUE secondary > Audio 2,Audio Format:,select,aud-format,aud_format,,Uncompressed,dash-30=Uncompressed | dash-31=Compressed,,,,,False
Signals > CH7 > BLUE secondary > Audio 2,Packet Time:,select,aud_ptime_idx,packetTime,,1 ms,0=1 ms | 1=125 μs | 2=250 μs | 3=333 μs | 5=500 μs,,,,,False
Signals > CH7 > BLUE secondary > Audio 3,Source IP:,input,src_ip_addr,src_ip_addr,text,0.0.0.0,,,,,,False
Signals > CH7 > BLUE secondary > Audio 3,Auto Set Source IP:,mat-checkbox,auto_set_source_ip,auto_set_source_ip,,false,,,,,,False
Signals > CH7 > BLUE secondary > Audio 3,Source Port:,input,src_udp_port,src_udp_port,text,0,,,,,,False
Signals > CH7 > BLUE secondary > Audio 3,Destination IP:,input,dst_ip_addr,dst_ip_addr,text,0.0.0.0,,,,,,False
Signals > CH7 > BLUE secondary > Audio 3,Destination Port:,input,dst_udp_port,dst_udp_port,text,0,,,,,,False
Signals > CH7 > BLUE secondary > Audio 3,Destination MAC:,input,dst_mac,dst_mac,text,01:00:5e:06:01:09,,,,,,True
Signals > CH7 > BLUE secondary > Audio 3,VLAN Tag:,input,vlan_tag,vlan_tag,text,0,,,,,,False
Signals > CH7 > BLUE secondary > Audio 3,Enable Flow:,mat-checkbox,network_enable,network_enable,,false,,,,,,False
Signals > CH7 > BLUE secondary > Audio 3,RTP Payload:,input,rtp_pt,rtp_pt,text,97,,,,,,False
Signals > CH7 > BLUE secondary > Audio 3,Name:,input,name,name,text,tx ch7 flow 3 sec,,,,24,,False
Signals > CH7 > BLUE secondary > Audio 3,Tags:,input,tags,tags,text,tx ;,,,,,,False
Signals > CH7 > BLUE secondary > Audio 3,Label:,input,label,label,text,F:  6- 3- 1,,,,14,,False
Signals > CH7 > BLUE secondary > Audio 3,Use Name entry to set Label,mat-checkbox,mat-checkbox-56,,,false,,,,,,False
Signals > CH7 > BLUE secondary > Audio 3,Nbr of SDI channels:,input,aud_chan_cnt,aud_chan_cnt,number,2,,0,16,,,False
Signals > CH7 > BLUE secondary > Audio 3,Audio Format:,select,aud-format,aud_format,,Uncompressed,dash-30=Uncompressed | dash-31=Compressed,,,,,False
Signals > CH7 > BLUE secondary > Audio 3,Packet Time:,select,aud_ptime_idx,packetTime,,1 ms,0=1 ms | 1=125 μs | 2=250 μs | 3=333 μs | 5=500 μs,,,,,False
Signals > CH7 > BLUE secondary > Audio 4,Source IP:,input,src_ip_addr,src_ip_addr,text,0.0.0.0,,,,,,False
Signals > CH7 > BLUE secondary > Audio 4,Auto Set Source IP:,mat-checkbox,auto_set_source_ip,auto_set_source_ip,,false,,,,,,False
Signals > CH7 > BLUE secondary > Audio 4,Source Port:,input,src_udp_port,src_udp_port,text,0,,,,,,False
Signals > CH7 > BLUE secondary > Audio 4,Destination IP:,input,dst_ip_addr,dst_ip_addr,text,0.0.0.0,,,,,,False
Signals > CH7 > BLUE secondary > Audio 4,Destination Port:,input,dst_udp_port,dst_udp_port,text,0,,,,,,False
Signals > CH7 > BLUE secondary > Audio 4,Destination MAC:,input,dst_mac,dst_mac,text,01:00:5e:06:01:0b,,,,,,True
Signals > CH7 > BLUE secondary > Audio 4,VLAN Tag:,input,vlan_tag,vlan_tag,text,0,,,,,,False
Signals > CH7 > BLUE secondary > Audio 4,Enable Flow:,mat-checkbox,network_enable,network_enable,,false,,,,,,False
Signals > CH7 > BLUE secondary > Audio 4,RTP Payload:,input,rtp_pt,rtp_pt,text,97,,,,,,False
Signals > CH7 > BLUE secondary > Audio 4,Name:,input,name,name,text,tx ch7 flow 4 sec,,,,24,,False
Signals > CH7 > BLUE secondary > Audio 4,Tags:,input,tags,tags,text,tx ;,,,,,,False
Signals > CH7 > BLUE secondary > Audio 4,Label:,input,label,label,text,F:  6- 4- 1,,,,14,,False
Signals > CH7 > BLUE secondary > Audio 4,Use Name entry to set Label,mat-checkbox,mat-checkbox-56,,,false,,,,,,False
Signals > CH7 > BLUE secondary > Audio 4,Nbr of SDI channels:,input,aud_chan_cnt,aud_chan_cnt,number,2,,0,16,,,False
Signals > CH7 > BLUE secondary > Audio 4,Audio Format:,select,aud-format,aud_format,,Uncompressed,dash-30=Uncompressed | dash-31=Compressed,,,,,False
Signals > CH7 > BLUE secondary > Audio 4,Packet Time:,select,aud_ptime_idx,packetTime,,1 ms,0=1 ms | 1=125 μs | 2=250 μs | 3=333 μs | 5=500 μs,,,,,False
Signals > CH7 > BLUE secondary > Ancillary,Source IP:,input,src_ip_addr,src_ip_addr,text,0.0.0.0,,,,,,False
Signals > CH7 > BLUE secondary > Ancillary,Auto Set Source IP:,mat-checkbox,auto_set_source_ip,auto_set_source_ip,,false,,,,,,False
Signals > CH7 > BLUE secondary > Ancillary,Source Port:,input,src_udp_port,src_udp_port,text,0,,,,,,False
Signals > CH7 > BLUE secondary > Ancillary,Destination IP:,input,dst_ip_addr,dst_ip_addr,text,0.0.0.0,,,,,,False
Signals > CH7 > BLUE secondary > Ancillary,Destination Port:,input,dst_udp_port,dst_udp_port,text,0,,,,,,False
Signals > CH7 > BLUE secondary > Ancillary,Destination MAC:,input,dst_mac,dst_mac,text,01:00:5e:06:01:15,,,,,,True
Signals > CH7 > BLUE secondary > Ancillary,VLAN Tag:,input,vlan_tag,vlan_tag,text,0,,,,,,False
Signals > CH7 > BLUE secondary > Ancillary,Enable Flow:,mat-checkbox,network_enable,network_enable,,false,,,,,,False
Signals > CH7 > BLUE secondary > Ancillary,RTP Payload:,input,rtp_pt,rtp_pt,text,100,,,,,,False
Signals > CH7 > BLUE secondary > Ancillary,Name:,input,name,name,text,tx ch7 flow 5 sec,,,,24,,False
Signals > CH7 > BLUE secondary > Ancillary,Tags:,input,tags,tags,text,tx ;,,,,,,False
Signals > CH7 > BLUE secondary > Ancillary,Label:,input,label,label,text,F:  6- 5- 1,,,,14,,False
Signals > CH7 > BLUE secondary > Ancillary,Use Name entry to set Label,mat-checkbox,mat-checkbox-56,,,false,,,,,,False
Signals > CH7 > BLUE secondary > Ancillary,ANC Flow Profile:,select,anc_flow_profile,anc_flow_profile,,Packet by packet,0=End of field event | 1=1ms from decoding | 2=Packet by packet,,,,,False
Signals > CH8 > RED primary > Video,Video Format:,select,video_format,video_format,,1080p50,1080p50 | 720p50 | 720p59.94 | 720p60 | 720p23.98 | 720p24 | 720p25 | 720p29.97 | 720p30 | 1080p23.98 | 1080psf23.98 | 1080p24 | 1080psf24 | 1080p25 | 1080psf25 | 1080p29.97 | 1080psf29.97 | 1080p30 | 1080psf30 | 1080i47.95 | 1080i48 | 1080i50 | 1080i59.94 | 1080i60 | 1080p59.94 | 1080p60 | 2048x1080p23.98 | 2048x1080p24 | 2048x1080p25 | 2048x1080p29.97 | 2048x1080p30 | 2048x1080p47.95 | 2048x1080p48 | 2048x1080p50 | 2048x1080p59.94 | 2048x1080p60 | 3840x2160p23.98 | 3840x2160p24 | 3840x2160p25 | 3840x2160p29.97 | 3840x2160p30 | 4096x2160p23.98 | 4096x2160p24 | 4096x2160p25 | 4096x2160p29.97 | 4096x2160p30 | 4096x2160p47.95 | 4096x2160p48 | 3840x2160p50 | 3840x2160p59.94 | 3840x2160p60 | 4096x2160p50 | 4096x2160p59.94 | 4096x2160p60,,,,,False
Signals > CH8 > RED primary > Video,Sampling:,mat-radio-group,,sampling,,4:2:2,4:2:2 | 4:4:4,,,,,False
Signals > CH8 > RED primary > Video,Bit Depth:,mat-radio-group,,bit_depth,,10 bits,10 bits | 12 bits,,,,,False
Signals > CH8 > RED primary > Video,Color Space:,mat-radio-group,,colorSpace,,YCbCr,YCbCr | RGB,,,,,False
Signals > CH8 > RED primary > Video,Colorimetry:,select,flow-colorimetry,colorimetry,,BT2020,BT709 | BT2020 | BT2100,,,,,False
Signals > CH8 > RED primary > Video,Transfer Characteristics:,select,flow-tranfer_characteristics,tranferCharacteristics,,SDR,SDR | HLG | PQ,,,,,False
Signals > CH8 > RED primary > Video,Source IP:,input,src_ip_addr,src_ip_addr,text,10.6.40.50,,,,,,False
Signals > CH8 > RED primary > Video,Source Port:,input,src_udp_port,src_udp_port,text,0,,,,,,False
Signals > CH8 > RED primary > Video,Destination IP:,input,dst_ip_addr,dst_ip_addr,text,239.1.0.1,,,,,,False
Signals > CH8 > RED primary > Video,Destination Port:,input,dst_udp_port,dst_udp_port,text,20000,,,,,,False
Signals > CH8 > RED primary > Video,Destination MAC:,input,dst_mac,dst_mac,text,01:00:5e:01:00:01,,,,,,True
Signals > CH8 > RED primary > Video,VLAN Tag:,input,vlan_tag,vlan_tag,text,0,,,,,,False
Signals > CH8 > RED primary > Video,Enable Flow:,mat-checkbox,network_enable,network_enable,,true,,,,,,False
Signals > CH8 > RED primary > Video,RTP Payload:,input,rtp_pt,rtp_pt,text,96,,,,,,False
Signals > CH8 > RED primary > Video,IGMP SRC IP:,input,igmp_src_ip,igmp_src_ip,text,0.0.0.0,,,,,,False
Signals > CH8 > RED primary > Video,Sender Type:,select,sender_type,senderType,,Narrow,0=Narrow | 1=Wide,,,,,False
Signals > CH8 > RED primary > Video,Name:,input,name,name,text,rx ch8 flow 0 pri,,,,24,,False
Signals > CH8 > RED primary > Video,Tags:,input,tags,tags,text,rx;,,,,,,False
Signals > CH8 > RED primary > Video,Label:,input,label,label,text,F:  7- 0- 0,,,,14,,False
Signals > CH8 > RED primary > Video,Use Name entry to set Label,mat-checkbox,mat-checkbox-56,,,false,,,,,,False
Signals > CH8 > RED primary > Video,Source IP:,mat-checkbox,pkt_filter_src_ip,pkt_filter_src_ip,,true,,,,,,False
Signals > CH8 > RED primary > Video,Source UDP Port:,mat-checkbox,pkt_filter_src_udp,pkt_filter_src_udp,,false,,,,,,False
Signals > CH8 > RED primary > Video,Source MAC:,mat-checkbox,pkt_filter_src_mac,pkt_filter_src_mac,,false,,,,,,False
Signals > CH8 > RED primary > Video,Destination IP:,mat-checkbox,pkt_filter_dst_ip,pkt_filter_dst_ip,,true,,,,,,False
Signals > CH8 > RED primary > Video,Destination UDP Port:,mat-checkbox,pkt_filter_dst_udp,pkt_filter_dst_udp,,true,,,,,,False
Signals > CH8 > RED primary > Video,Destination MAC:,mat-checkbox,pkt_filter_dst_mac,pkt_filter_dst_mac,,false,,,,,,False
Signals > CH8 > RED primary > Video,VLAN:,mat-checkbox,pkt_filter_vlan,pkt_filter_vlan,,false,,,,,,False
Signals > CH8 > RED primary > Audio 1,Source IP:,input,src_ip_addr,src_ip_addr,text,10.6.40.50,,,,,,False
Signals > CH8 > RED primary > Audio 1,Source Port:,input,src_udp_port,src_udp_port,text,0,,,,,,False
Signals > CH8 > RED primary > Audio 1,Destination IP:,input,dst_ip_addr,dst_ip_addr,text,239.4.0.1,,,,,,False
Signals > CH8 > RED primary > Audio 1,Destination Port:,input,dst_udp_port,dst_udp_port,text,30000,,,,,,False
Signals > CH8 > RED primary > Audio 1,Destination MAC:,input,dst_mac,dst_mac,text,01:00:5e:04:00:01,,,,,,True
Signals > CH8 > RED primary > Audio 1,VLAN Tag:,input,vlan_tag,vlan_tag,text,0,,,,,,False
Signals > CH8 > RED primary > Audio 1,Enable Flow:,mat-checkbox,network_enable,network_enable,,true,,,,,,False
Signals > CH8 > RED primary > Audio 1,RTP Payload:,input,rtp_pt,rtp_pt,text,97,,,,,,False
Signals > CH8 > RED primary > Audio 1,IGMP SRC IP:,input,igmp_src_ip,igmp_src_ip,text,0.0.0.0,,,,,,False
Signals > CH8 > RED primary > Audio 1,Name:,input,name,name,text,rx ch8 flow 1 pri,,,,24,,False
Signals > CH8 > RED primary > Audio 1,Tags:,input,tags,tags,text,rx ;,,,,,,False
Signals > CH8 > RED primary > Audio 1,Label:,input,label,label,text,F:  7- 1- 0,,,,14,,False
Signals > CH8 > RED primary > Audio 1,Use Name entry to set Label,mat-checkbox,mat-checkbox-56,,,false,,,,,,False
Signals > CH8 > RED primary > Audio 1,Nbr of SDI channels:,input,aud_chan_cnt,aud_chan_cnt,number,16,,0,16,,,False
Signals > CH8 > RED primary > Audio 1,Audio Format:,select,aud-format,aud_format,,Uncompressed,dash-30=Uncompressed | dash-31=Compressed,,,,,False
Signals > CH8 > RED primary > Audio 1,Packet Time:,select,aud_ptime_idx,packetTime,,125 μs,0=1 ms | 1=125 μs | 2=250 μs | 3=333 μs | 5=500 μs,,,,,False
Signals > CH8 > RED primary > Audio 1,Source IP:,mat-checkbox,pkt_filter_src_ip,pkt_filter_src_ip,,true,,,,,,False
Signals > CH8 > RED primary > Audio 1,Source UDP Port:,mat-checkbox,pkt_filter_src_udp,pkt_filter_src_udp,,false,,,,,,False
Signals > CH8 > RED primary > Audio 1,Source MAC:,mat-checkbox,pkt_filter_src_mac,pkt_filter_src_mac,,false,,,,,,False
Signals > CH8 > RED primary > Audio 1,Destination IP:,mat-checkbox,pkt_filter_dst_ip,pkt_filter_dst_ip,,true,,,,,,False
Signals > CH8 > RED primary > Audio 1,Destination UDP Port:,mat-checkbox,pkt_filter_dst_udp,pkt_filter_dst_udp,,true,,,,,,False
Signals > CH8 > RED primary > Audio 1,Destination MAC:,mat-checkbox,pkt_filter_dst_mac,pkt_filter_dst_mac,,false,,,,,,False
Signals > CH8 > RED primary > Audio 1,VLAN:,mat-checkbox,pkt_filter_vlan,pkt_filter_vlan,,false,,,,,,False
Signals > CH8 > RED primary > Audio 2,Source IP:,input,src_ip_addr,src_ip_addr,text,0.0.0.0,,,,,,False
Signals > CH8 > RED primary > Audio 2,Source Port:,input,src_udp_port,src_udp_port,text,0,,,,,,False
Signals > CH8 > RED primary > Audio 2,Destination IP:,input,dst_ip_addr,dst_ip_addr,text,0.0.0.0,,,,,,False
Signals > CH8 > RED primary > Audio 2,Destination Port:,input,dst_udp_port,dst_udp_port,text,0,,,,,,False
Signals > CH8 > RED primary > Audio 2,Destination MAC:,input,dst_mac,dst_mac,text,01:00:5e:03:91:31,,,,,,True
Signals > CH8 > RED primary > Audio 2,VLAN Tag:,input,vlan_tag,vlan_tag,text,0,,,,,,False
Signals > CH8 > RED primary > Audio 2,Enable Flow:,mat-checkbox,network_enable,network_enable,,false,,,,,,False
Signals > CH8 > RED primary > Audio 2,RTP Payload:,input,rtp_pt,rtp_pt,text,97,,,,,,False
Signals > CH8 > RED primary > Audio 2,IGMP SRC IP:,input,igmp_src_ip,igmp_src_ip,text,0.0.0.0,,,,,,False
Signals > CH8 > RED primary > Audio 2,Name:,input,name,name,text,rx ch8 flow 2 pri,,,,24,,False
Signals > CH8 > RED primary > Audio 2,Tags:,input,tags,tags,text,rx ;,,,,,,False
Signals > CH8 > RED primary > Audio 2,Label:,input,label,label,text,F:  7- 2- 0,,,,14,,False
Signals > CH8 > RED primary > Audio 2,Use Name entry to set Label,mat-checkbox,mat-checkbox-56,,,false,,,,,,False
Signals > CH8 > RED primary > Audio 2,Nbr of SDI channels:,input,aud_chan_cnt,aud_chan_cnt,number,16,,0,16,,,False
Signals > CH8 > RED primary > Audio 2,Audio Format:,select,aud-format,aud_format,,Uncompressed,dash-30=Uncompressed | dash-31=Compressed,,,,,False
Signals > CH8 > RED primary > Audio 2,Packet Time:,select,aud_ptime_idx,packetTime,,125 μs,0=1 ms | 1=125 μs | 2=250 μs | 3=333 μs | 5=500 μs,,,,,False
Signals > CH8 > RED primary > Audio 2,Source IP:,mat-checkbox,pkt_filter_src_ip,pkt_filter_src_ip,,false,,,,,,False
Signals > CH8 > RED primary > Audio 2,Source UDP Port:,mat-checkbox,pkt_filter_src_udp,pkt_filter_src_udp,,false,,,,,,False
Signals > CH8 > RED primary > Audio 2,Source MAC:,mat-checkbox,pkt_filter_src_mac,pkt_filter_src_mac,,false,,,,,,False
Signals > CH8 > RED primary > Audio 2,Destination IP:,mat-checkbox,pkt_filter_dst_ip,pkt_filter_dst_ip,,true,,,,,,False
Signals > CH8 > RED primary > Audio 2,Destination UDP Port:,mat-checkbox,pkt_filter_dst_udp,pkt_filter_dst_udp,,false,,,,,,False
Signals > CH8 > RED primary > Audio 2,Destination MAC:,mat-checkbox,pkt_filter_dst_mac,pkt_filter_dst_mac,,false,,,,,,False
Signals > CH8 > RED primary > Audio 2,VLAN:,mat-checkbox,pkt_filter_vlan,pkt_filter_vlan,,false,,,,,,False
Signals > CH8 > RED primary > Audio 3,Source IP:,input,src_ip_addr,src_ip_addr,text,0.0.0.0,,,,,,False
Signals > CH8 > RED primary > Audio 3,Source Port:,input,src_udp_port,src_udp_port,text,0,,,,,,False
Signals > CH8 > RED primary > Audio 3,Destination IP:,input,dst_ip_addr,dst_ip_addr,text,0.0.0.0,,,,,,False
Signals > CH8 > RED primary > Audio 3,Destination Port:,input,dst_udp_port,dst_udp_port,text,0,,,,,,False
Signals > CH8 > RED primary > Audio 3,Destination MAC:,input,dst_mac,dst_mac,text,01:00:5e:07:01:08,,,,,,True
Signals > CH8 > RED primary > Audio 3,VLAN Tag:,input,vlan_tag,vlan_tag,text,0,,,,,,False
Signals > CH8 > RED primary > Audio 3,Enable Flow:,mat-checkbox,network_enable,network_enable,,false,,,,,,False
Signals > CH8 > RED primary > Audio 3,RTP Payload:,input,rtp_pt,rtp_pt,text,97,,,,,,False
Signals > CH8 > RED primary > Audio 3,IGMP SRC IP:,input,igmp_src_ip,igmp_src_ip,text,0.0.0.0,,,,,,False
Signals > CH8 > RED primary > Audio 3,Name:,input,name,name,text,rx ch8 flow 3 pri,,,,24,,False
Signals > CH8 > RED primary > Audio 3,Tags:,input,tags,tags,text,rx ;,,,,,,False
Signals > CH8 > RED primary > Audio 3,Label:,input,label,label,text,F:  7- 3- 0,,,,14,,False
Signals > CH8 > RED primary > Audio 3,Use Name entry to set Label,mat-checkbox,mat-checkbox-56,,,false,,,,,,False
Signals > CH8 > RED primary > Audio 3,Nbr of SDI channels:,input,aud_chan_cnt,aud_chan_cnt,number,2,,0,16,,,False
Signals > CH8 > RED primary > Audio 3,Audio Format:,select,aud-format,aud_format,,Uncompressed,dash-30=Uncompressed | dash-31=Compressed,,,,,False
Signals > CH8 > RED primary > Audio 3,Packet Time:,select,aud_ptime_idx,packetTime,,1 ms,0=1 ms | 1=125 μs | 2=250 μs | 3=333 μs | 5=500 μs,,,,,False
Signals > CH8 > RED primary > Audio 3,Source IP:,mat-checkbox,pkt_filter_src_ip,pkt_filter_src_ip,,false,,,,,,False
Signals > CH8 > RED primary > Audio 3,Source UDP Port:,mat-checkbox,pkt_filter_src_udp,pkt_filter_src_udp,,false,,,,,,False
Signals > CH8 > RED primary > Audio 3,Source MAC:,mat-checkbox,pkt_filter_src_mac,pkt_filter_src_mac,,false,,,,,,False
Signals > CH8 > RED primary > Audio 3,Destination IP:,mat-checkbox,pkt_filter_dst_ip,pkt_filter_dst_ip,,true,,,,,,False
Signals > CH8 > RED primary > Audio 3,Destination UDP Port:,mat-checkbox,pkt_filter_dst_udp,pkt_filter_dst_udp,,false,,,,,,False
Signals > CH8 > RED primary > Audio 3,Destination MAC:,mat-checkbox,pkt_filter_dst_mac,pkt_filter_dst_mac,,false,,,,,,False
Signals > CH8 > RED primary > Audio 3,VLAN:,mat-checkbox,pkt_filter_vlan,pkt_filter_vlan,,false,,,,,,False
Signals > CH8 > RED primary > Audio 4,Source IP:,input,src_ip_addr,src_ip_addr,text,0.0.0.0,,,,,,False
Signals > CH8 > RED primary > Audio 4,Source Port:,input,src_udp_port,src_udp_port,text,0,,,,,,False
Signals > CH8 > RED primary > Audio 4,Destination IP:,input,dst_ip_addr,dst_ip_addr,text,0.0.0.0,,,,,,False
Signals > CH8 > RED primary > Audio 4,Destination Port:,input,dst_udp_port,dst_udp_port,text,0,,,,,,False
Signals > CH8 > RED primary > Audio 4,Destination MAC:,input,dst_mac,dst_mac,text,01:00:5e:07:01:0a,,,,,,True
Signals > CH8 > RED primary > Audio 4,VLAN Tag:,input,vlan_tag,vlan_tag,text,0,,,,,,False
Signals > CH8 > RED primary > Audio 4,Enable Flow:,mat-checkbox,network_enable,network_enable,,false,,,,,,False
Signals > CH8 > RED primary > Audio 4,RTP Payload:,input,rtp_pt,rtp_pt,text,97,,,,,,False
Signals > CH8 > RED primary > Audio 4,IGMP SRC IP:,input,igmp_src_ip,igmp_src_ip,text,0.0.0.0,,,,,,False
Signals > CH8 > RED primary > Audio 4,Name:,input,name,name,text,rx ch8 flow 4 pri,,,,24,,False
Signals > CH8 > RED primary > Audio 4,Tags:,input,tags,tags,text,rx ;,,,,,,False
Signals > CH8 > RED primary > Audio 4,Label:,input,label,label,text,F:  7- 4- 0,,,,14,,False
Signals > CH8 > RED primary > Audio 4,Use Name entry to set Label,mat-checkbox,mat-checkbox-56,,,false,,,,,,False
Signals > CH8 > RED primary > Audio 4,Nbr of SDI channels:,input,aud_chan_cnt,aud_chan_cnt,number,2,,0,16,,,False
Signals > CH8 > RED primary > Audio 4,Audio Format:,select,aud-format,aud_format,,Uncompressed,dash-30=Uncompressed | dash-31=Compressed,,,,,False
Signals > CH8 > RED primary > Audio 4,Packet Time:,select,aud_ptime_idx,packetTime,,1 ms,0=1 ms | 1=125 μs | 2=250 μs | 3=333 μs | 5=500 μs,,,,,False
Signals > CH8 > RED primary > Audio 4,Source IP:,mat-checkbox,pkt_filter_src_ip,pkt_filter_src_ip,,false,,,,,,False
Signals > CH8 > RED primary > Audio 4,Source UDP Port:,mat-checkbox,pkt_filter_src_udp,pkt_filter_src_udp,,false,,,,,,False
Signals > CH8 > RED primary > Audio 4,Source MAC:,mat-checkbox,pkt_filter_src_mac,pkt_filter_src_mac,,false,,,,,,False
Signals > CH8 > RED primary > Audio 4,Destination IP:,mat-checkbox,pkt_filter_dst_ip,pkt_filter_dst_ip,,true,,,,,,False
Signals > CH8 > RED primary > Audio 4,Destination UDP Port:,mat-checkbox,pkt_filter_dst_udp,pkt_filter_dst_udp,,false,,,,,,False
Signals > CH8 > RED primary > Audio 4,Destination MAC:,mat-checkbox,pkt_filter_dst_mac,pkt_filter_dst_mac,,false,,,,,,False
Signals > CH8 > RED primary > Audio 4,VLAN:,mat-checkbox,pkt_filter_vlan,pkt_filter_vlan,,false,,,,,,False
Signals > CH8 > RED primary > Ancillary,Source IP:,input,src_ip_addr,src_ip_addr,text,10.6.40.50,,,,,,False
Signals > CH8 > RED primary > Ancillary,Source Port:,input,src_udp_port,src_udp_port,text,0,,,,,,False
Signals > CH8 > RED primary > Ancillary,Destination IP:,input,dst_ip_addr,dst_ip_addr,text,239.8.0.1,,,,,,False
Signals > CH8 > RED primary > Ancillary,Destination Port:,input,dst_udp_port,dst_udp_port,text,40000,,,,,,False
Signals > CH8 > RED primary > Ancillary,Destination MAC:,input,dst_mac,dst_mac,text,01:00:5e:08:00:01,,,,,,True
Signals > CH8 > RED primary > Ancillary,VLAN Tag:,input,vlan_tag,vlan_tag,text,0,,,,,,False
Signals > CH8 > RED primary > Ancillary,Enable Flow:,mat-checkbox,network_enable,network_enable,,true,,,,,,False
Signals > CH8 > RED primary > Ancillary,RTP Payload:,input,rtp_pt,rtp_pt,text,100,,,,,,False
Signals > CH8 > RED primary > Ancillary,IGMP SRC IP:,input,igmp_src_ip,igmp_src_ip,text,0.0.0.0,,,,,,False
Signals > CH8 > RED primary > Ancillary,Name:,input,name,name,text,rx ch8 flow 5 pri,,,,24,,False
Signals > CH8 > RED primary > Ancillary,Tags:,input,tags,tags,text,rx ;,,,,,,False
Signals > CH8 > RED primary > Ancillary,Label:,input,label,label,text,F:  7- 5- 0,,,,14,,False
Signals > CH8 > RED primary > Ancillary,Use Name entry to set Label,mat-checkbox,mat-checkbox-56,,,false,,,,,,False
Signals > CH8 > RED primary > Ancillary,Source IP:,mat-checkbox,pkt_filter_src_ip,pkt_filter_src_ip,,true,,,,,,False
Signals > CH8 > RED primary > Ancillary,Source UDP Port:,mat-checkbox,pkt_filter_src_udp,pkt_filter_src_udp,,false,,,,,,False
Signals > CH8 > RED primary > Ancillary,Source MAC:,mat-checkbox,pkt_filter_src_mac,pkt_filter_src_mac,,false,,,,,,False
Signals > CH8 > RED primary > Ancillary,Destination IP:,mat-checkbox,pkt_filter_dst_ip,pkt_filter_dst_ip,,true,,,,,,False
Signals > CH8 > RED primary > Ancillary,Destination UDP Port:,mat-checkbox,pkt_filter_dst_udp,pkt_filter_dst_udp,,true,,,,,,False
Signals > CH8 > RED primary > Ancillary,Destination MAC:,mat-checkbox,pkt_filter_dst_mac,pkt_filter_dst_mac,,false,,,,,,False
Signals > CH8 > RED primary > Ancillary,VLAN:,mat-checkbox,pkt_filter_vlan,pkt_filter_vlan,,false,,,,,,False
Signals > CH8 > BLUE secondary > Video,Video Format:,select,video_format,video_format,,1080p50,1080p50 | 720p50 | 720p59.94 | 720p60 | 720p23.98 | 720p24 | 720p25 | 720p29.97 | 720p30 | 1080p23.98 | 1080psf23.98 | 1080p24 | 1080psf24 | 1080p25 | 1080psf25 | 1080p29.97 | 1080psf29.97 | 1080p30 | 1080psf30 | 1080i47.95 | 1080i48 | 1080i50 | 1080i59.94 | 1080i60 | 1080p59.94 | 1080p60 | 2048x1080p23.98 | 2048x1080p24 | 2048x1080p25 | 2048x1080p29.97 | 2048x1080p30 | 2048x1080p47.95 | 2048x1080p48 | 2048x1080p50 | 2048x1080p59.94 | 2048x1080p60 | 3840x2160p23.98 | 3840x2160p24 | 3840x2160p25 | 3840x2160p29.97 | 3840x2160p30 | 4096x2160p23.98 | 4096x2160p24 | 4096x2160p25 | 4096x2160p29.97 | 4096x2160p30 | 4096x2160p47.95 | 4096x2160p48 | 3840x2160p50 | 3840x2160p59.94 | 3840x2160p60 | 4096x2160p50 | 4096x2160p59.94 | 4096x2160p60,,,,,False
Signals > CH8 > BLUE secondary > Video,Sampling:,mat-radio-group,,sampling,,4:2:2,4:2:2 | 4:4:4,,,,,False
Signals > CH8 > BLUE secondary > Video,Bit Depth:,mat-radio-group,,bit_depth,,10 bits,10 bits | 12 bits,,,,,False
Signals > CH8 > BLUE secondary > Video,Color Space:,mat-radio-group,,colorSpace,,YCbCr,YCbCr | RGB,,,,,False
Signals > CH8 > BLUE secondary > Video,Colorimetry:,select,flow-colorimetry,colorimetry,,BT2020,BT709 | BT2020 | BT2100,,,,,False
Signals > CH8 > BLUE secondary > Video,Transfer Characteristics:,select,flow-tranfer_characteristics,tranferCharacteristics,,SDR,SDR | HLG | PQ,,,,,False
Signals > CH8 > BLUE secondary > Video,Source IP:,input,src_ip_addr,src_ip_addr,text,10.7.40.50,,,,,,False
Signals > CH8 > BLUE secondary > Video,Source Port:,input,src_udp_port,src_udp_port,text,0,,,,,,False
Signals > CH8 > BLUE secondary > Video,Destination IP:,input,dst_ip_addr,dst_ip_addr,text,239.65.0.1,,,,,,False
Signals > CH8 > BLUE secondary > Video,Destination Port:,input,dst_udp_port,dst_udp_port,text,20000,,,,,,False
Signals > CH8 > BLUE secondary > Video,Destination MAC:,input,dst_mac,dst_mac,text,01:00:5e:41:00:01,,,,,,True
Signals > CH8 > BLUE secondary > Video,VLAN Tag:,input,vlan_tag,vlan_tag,text,0,,,,,,False
Signals > CH8 > BLUE secondary > Video,Enable Flow:,mat-checkbox,network_enable,network_enable,,true,,,,,,False
Signals > CH8 > BLUE secondary > Video,RTP Payload:,input,rtp_pt,rtp_pt,text,96,,,,,,False
Signals > CH8 > BLUE secondary > Video,IGMP SRC IP:,input,igmp_src_ip,igmp_src_ip,text,0.0.0.0,,,,,,False
Signals > CH8 > BLUE secondary > Video,Sender Type:,select,sender_type,senderType,,Narrow,0=Narrow | 1=Wide,,,,,False
Signals > CH8 > BLUE secondary > Video,Name:,input,name,name,text,rx ch8 flow 0 sec,,,,24,,False
Signals > CH8 > BLUE secondary > Video,Tags:,input,tags,tags,text,rx ;,,,,,,False
Signals > CH8 > BLUE secondary > Video,Label:,input,label,label,text,F:  7- 0- 1,,,,14,,False
Signals > CH8 > BLUE secondary > Video,Use Name entry to set Label,mat-checkbox,mat-checkbox-56,,,false,,,,,,False
Signals > CH8 > BLUE secondary > Video,Source IP:,mat-checkbox,pkt_filter_src_ip,pkt_filter_src_ip,,true,,,,,,False
Signals > CH8 > BLUE secondary > Video,Source UDP Port:,mat-checkbox,pkt_filter_src_udp,pkt_filter_src_udp,,false,,,,,,False
Signals > CH8 > BLUE secondary > Video,Source MAC:,mat-checkbox,pkt_filter_src_mac,pkt_filter_src_mac,,false,,,,,,False
Signals > CH8 > BLUE secondary > Video,Destination IP:,mat-checkbox,pkt_filter_dst_ip,pkt_filter_dst_ip,,true,,,,,,False
Signals > CH8 > BLUE secondary > Video,Destination UDP Port:,mat-checkbox,pkt_filter_dst_udp,pkt_filter_dst_udp,,true,,,,,,False
Signals > CH8 > BLUE secondary > Video,Destination MAC:,mat-checkbox,pkt_filter_dst_mac,pkt_filter_dst_mac,,false,,,,,,False
Signals > CH8 > BLUE secondary > Video,VLAN:,mat-checkbox,pkt_filter_vlan,pkt_filter_vlan,,false,,,,,,False
Signals > CH8 > BLUE secondary > Audio 1,Source IP:,input,src_ip_addr,src_ip_addr,text,10.7.40.50,,,,,,False
Signals > CH8 > BLUE secondary > Audio 1,Source Port:,input,src_udp_port,src_udp_port,text,0,,,,,,False
Signals > CH8 > BLUE secondary > Audio 1,Destination IP:,input,dst_ip_addr,dst_ip_addr,text,239.68.0.1,,,,,,False
Signals > CH8 > BLUE secondary > Audio 1,Destination Port:,input,dst_udp_port,dst_udp_port,text,30000,,,,,,False
Signals > CH8 > BLUE secondary > Audio 1,Destination MAC:,input,dst_mac,dst_mac,text,01:00:5e:44:00:01,,,,,,True
Signals > CH8 > BLUE secondary > Audio 1,VLAN Tag:,input,vlan_tag,vlan_tag,text,0,,,,,,False
Signals > CH8 > BLUE secondary > Audio 1,Enable Flow:,mat-checkbox,network_enable,network_enable,,true,,,,,,False
Signals > CH8 > BLUE secondary > Audio 1,RTP Payload:,input,rtp_pt,rtp_pt,text,97,,,,,,False
Signals > CH8 > BLUE secondary > Audio 1,IGMP SRC IP:,input,igmp_src_ip,igmp_src_ip,text,0.0.0.0,,,,,,False
Signals > CH8 > BLUE secondary > Audio 1,Name:,input,name,name,text,rx ch8 flow 1 sec,,,,24,,False
Signals > CH8 > BLUE secondary > Audio 1,Tags:,input,tags,tags,text,rx ;,,,,,,False
Signals > CH8 > BLUE secondary > Audio 1,Label:,input,label,label,text,F:  7- 1- 1,,,,14,,False
Signals > CH8 > BLUE secondary > Audio 1,Use Name entry to set Label,mat-checkbox,mat-checkbox-56,,,false,,,,,,False
Signals > CH8 > BLUE secondary > Audio 1,Nbr of SDI channels:,input,aud_chan_cnt,aud_chan_cnt,number,16,,0,16,,,False
Signals > CH8 > BLUE secondary > Audio 1,Audio Format:,select,aud-format,aud_format,,Uncompressed,dash-30=Uncompressed | dash-31=Compressed,,,,,False
Signals > CH8 > BLUE secondary > Audio 1,Packet Time:,select,aud_ptime_idx,packetTime,,125 μs,0=1 ms | 1=125 μs | 2=250 μs | 3=333 μs | 5=500 μs,,,,,False
Signals > CH8 > BLUE secondary > Audio 1,Source IP:,mat-checkbox,pkt_filter_src_ip,pkt_filter_src_ip,,true,,,,,,False
Signals > CH8 > BLUE secondary > Audio 1,Source UDP Port:,mat-checkbox,pkt_filter_src_udp,pkt_filter_src_udp,,false,,,,,,False
Signals > CH8 > BLUE secondary > Audio 1,Source MAC:,mat-checkbox,pkt_filter_src_mac,pkt_filter_src_mac,,false,,,,,,False
Signals > CH8 > BLUE secondary > Audio 1,Destination IP:,mat-checkbox,pkt_filter_dst_ip,pkt_filter_dst_ip,,true,,,,,,False
Signals > CH8 > BLUE secondary > Audio 1,Destination UDP Port:,mat-checkbox,pkt_filter_dst_udp,pkt_filter_dst_udp,,true,,,,,,False
Signals > CH8 > BLUE secondary > Audio 1,Destination MAC:,mat-checkbox,pkt_filter_dst_mac,pkt_filter_dst_mac,,false,,,,,,False
Signals > CH8 > BLUE secondary > Audio 1,VLAN:,mat-checkbox,pkt_filter_vlan,pkt_filter_vlan,,false,,,,,,False
Signals > CH8 > BLUE secondary > Audio 2,Source IP:,input,src_ip_addr,src_ip_addr,text,0.0.0.0,,,,,,False
Signals > CH8 > BLUE secondary > Audio 2,Source Port:,input,src_udp_port,src_udp_port,text,0,,,,,,False
Signals > CH8 > BLUE secondary > Audio 2,Destination IP:,input,dst_ip_addr,dst_ip_addr,text,0.0.0.0,,,,,,False
Signals > CH8 > BLUE secondary > Audio 2,Destination Port:,input,dst_udp_port,dst_udp_port,text,0,,,,,,False
Signals > CH8 > BLUE secondary > Audio 2,Destination MAC:,input,dst_mac,dst_mac,text,01:00:5e:04:91:31,,,,,,True
Signals > CH8 > BLUE secondary > Audio 2,VLAN Tag:,input,vlan_tag,vlan_tag,text,0,,,,,,False
Signals > CH8 > BLUE secondary > Audio 2,Enable Flow:,mat-checkbox,network_enable,network_enable,,false,,,,,,False
Signals > CH8 > BLUE secondary > Audio 2,RTP Payload:,input,rtp_pt,rtp_pt,text,97,,,,,,False
Signals > CH8 > BLUE secondary > Audio 2,IGMP SRC IP:,input,igmp_src_ip,igmp_src_ip,text,0.0.0.0,,,,,,False
Signals > CH8 > BLUE secondary > Audio 2,Name:,input,name,name,text,rx ch8 flow 2 sec,,,,24,,False
Signals > CH8 > BLUE secondary > Audio 2,Tags:,input,tags,tags,text,rx ;,,,,,,False
Signals > CH8 > BLUE secondary > Audio 2,Label:,input,label,label,text,F:  7- 2- 1,,,,14,,False
Signals > CH8 > BLUE secondary > Audio 2,Use Name entry to set Label,mat-checkbox,mat-checkbox-56,,,false,,,,,,False
Signals > CH8 > BLUE secondary > Audio 2,Nbr of SDI channels:,input,aud_chan_cnt,aud_chan_cnt,number,16,,0,16,,,False
Signals > CH8 > BLUE secondary > Audio 2,Audio Format:,select,aud-format,aud_format,,Uncompressed,dash-30=Uncompressed | dash-31=Compressed,,,,,False
Signals > CH8 > BLUE secondary > Audio 2,Packet Time:,select,aud_ptime_idx,packetTime,,125 μs,0=1 ms | 1=125 μs | 2=250 μs | 3=333 μs | 5=500 μs,,,,,False
Signals > CH8 > BLUE secondary > Audio 2,Source IP:,mat-checkbox,pkt_filter_src_ip,pkt_filter_src_ip,,false,,,,,,False
Signals > CH8 > BLUE secondary > Audio 2,Source UDP Port:,mat-checkbox,pkt_filter_src_udp,pkt_filter_src_udp,,false,,,,,,False
Signals > CH8 > BLUE secondary > Audio 2,Source MAC:,mat-checkbox,pkt_filter_src_mac,pkt_filter_src_mac,,false,,,,,,False
Signals > CH8 > BLUE secondary > Audio 2,Destination IP:,mat-checkbox,pkt_filter_dst_ip,pkt_filter_dst_ip,,true,,,,,,False
Signals > CH8 > BLUE secondary > Audio 2,Destination UDP Port:,mat-checkbox,pkt_filter_dst_udp,pkt_filter_dst_udp,,false,,,,,,False
Signals > CH8 > BLUE secondary > Audio 2,Destination MAC:,mat-checkbox,pkt_filter_dst_mac,pkt_filter_dst_mac,,false,,,,,,False
Signals > CH8 > BLUE secondary > Audio 2,VLAN:,mat-checkbox,pkt_filter_vlan,pkt_filter_vlan,,false,,,,,,False
Signals > CH8 > BLUE secondary > Audio 3,Source IP:,input,src_ip_addr,src_ip_addr,text,0.0.0.0,,,,,,False
Signals > CH8 > BLUE secondary > Audio 3,Source Port:,input,src_udp_port,src_udp_port,text,0,,,,,,False
Signals > CH8 > BLUE secondary > Audio 3,Destination IP:,input,dst_ip_addr,dst_ip_addr,text,0.0.0.0,,,,,,False
Signals > CH8 > BLUE secondary > Audio 3,Destination Port:,input,dst_udp_port,dst_udp_port,text,0,,,,,,False
Signals > CH8 > BLUE secondary > Audio 3,Destination MAC:,input,dst_mac,dst_mac,text,01:00:5e:07:01:09,,,,,,True
Signals > CH8 > BLUE secondary > Audio 3,VLAN Tag:,input,vlan_tag,vlan_tag,text,0,,,,,,False
Signals > CH8 > BLUE secondary > Audio 3,Enable Flow:,mat-checkbox,network_enable,network_enable,,false,,,,,,False
Signals > CH8 > BLUE secondary > Audio 3,RTP Payload:,input,rtp_pt,rtp_pt,text,97,,,,,,False
Signals > CH8 > BLUE secondary > Audio 3,IGMP SRC IP:,input,igmp_src_ip,igmp_src_ip,text,0.0.0.0,,,,,,False
Signals > CH8 > BLUE secondary > Audio 3,Name:,input,name,name,text,rx ch8 flow 3 sec,,,,24,,False
Signals > CH8 > BLUE secondary > Audio 3,Tags:,input,tags,tags,text,rx ;,,,,,,False
Signals > CH8 > BLUE secondary > Audio 3,Label:,input,label,label,text,F:  7- 3- 1,,,,14,,False
Signals > CH8 > BLUE secondary > Audio 3,Use Name entry to set Label,mat-checkbox,mat-checkbox-56,,,false,,,,,,False
Signals > CH8 > BLUE secondary > Audio 3,Nbr of SDI channels:,input,aud_chan_cnt,aud_chan_cnt,number,2,,0,16,,,False
Signals > CH8 > BLUE secondary > Audio 3,Audio Format:,select,aud-format,aud_format,,Uncompressed,dash-30=Uncompressed | dash-31=Compressed,,,,,False
Signals > CH8 > BLUE secondary > Audio 3,Packet Time:,select,aud_ptime_idx,packetTime,,1 ms,0=1 ms | 1=125 μs | 2=250 μs | 3=333 μs | 5=500 μs,,,,,False
Signals > CH8 > BLUE secondary > Audio 3,Source IP:,mat-checkbox,pkt_filter_src_ip,pkt_filter_src_ip,,false,,,,,,False
Signals > CH8 > BLUE secondary > Audio 3,Source UDP Port:,mat-checkbox,pkt_filter_src_udp,pkt_filter_src_udp,,false,,,,,,False
Signals > CH8 > BLUE secondary > Audio 3,Source MAC:,mat-checkbox,pkt_filter_src_mac,pkt_filter_src_mac,,false,,,,,,False
Signals > CH8 > BLUE secondary > Audio 3,Destination IP:,mat-checkbox,pkt_filter_dst_ip,pkt_filter_dst_ip,,true,,,,,,False
Signals > CH8 > BLUE secondary > Audio 3,Destination UDP Port:,mat-checkbox,pkt_filter_dst_udp,pkt_filter_dst_udp,,false,,,,,,False
Signals > CH8 > BLUE secondary > Audio 3,Destination MAC:,mat-checkbox,pkt_filter_dst_mac,pkt_filter_dst_mac,,false,,,,,,False
Signals > CH8 > BLUE secondary > Audio 3,VLAN:,mat-checkbox,pkt_filter_vlan,pkt_filter_vlan,,false,,,,,,False
Signals > CH8 > BLUE secondary > Audio 4,Source IP:,input,src_ip_addr,src_ip_addr,text,0.0.0.0,,,,,,False
Signals > CH8 > BLUE secondary > Audio 4,Source Port:,input,src_udp_port,src_udp_port,text,0,,,,,,False
Signals > CH8 > BLUE secondary > Audio 4,Destination IP:,input,dst_ip_addr,dst_ip_addr,text,0.0.0.0,,,,,,False
Signals > CH8 > BLUE secondary > Audio 4,Destination Port:,input,dst_udp_port,dst_udp_port,text,0,,,,,,False
Signals > CH8 > BLUE secondary > Audio 4,Destination MAC:,input,dst_mac,dst_mac,text,01:00:5e:07:01:0b,,,,,,True
Signals > CH8 > BLUE secondary > Audio 4,VLAN Tag:,input,vlan_tag,vlan_tag,text,0,,,,,,False
Signals > CH8 > BLUE secondary > Audio 4,Enable Flow:,mat-checkbox,network_enable,network_enable,,false,,,,,,False
Signals > CH8 > BLUE secondary > Audio 4,RTP Payload:,input,rtp_pt,rtp_pt,text,97,,,,,,False
Signals > CH8 > BLUE secondary > Audio 4,IGMP SRC IP:,input,igmp_src_ip,igmp_src_ip,text,0.0.0.0,,,,,,False
Signals > CH8 > BLUE secondary > Audio 4,Name:,input,name,name,text,rx ch8 flow 4 sec,,,,24,,False
Signals > CH8 > BLUE secondary > Audio 4,Tags:,input,tags,tags,text,rx ;,,,,,,False
Signals > CH8 > BLUE secondary > Audio 4,Label:,input,label,label,text,F:  7- 4- 1,,,,14,,False
Signals > CH8 > BLUE secondary > Audio 4,Use Name entry to set Label,mat-checkbox,mat-checkbox-56,,,false,,,,,,False
Signals > CH8 > BLUE secondary > Audio 4,Nbr of SDI channels:,input,aud_chan_cnt,aud_chan_cnt,number,2,,0,16,,,False
Signals > CH8 > BLUE secondary > Audio 4,Audio Format:,select,aud-format,aud_format,,Uncompressed,dash-30=Uncompressed | dash-31=Compressed,,,,,False
Signals > CH8 > BLUE secondary > Audio 4,Packet Time:,select,aud_ptime_idx,packetTime,,1 ms,0=1 ms | 1=125 μs | 2=250 μs | 3=333 μs | 5=500 μs,,,,,False
Signals > CH8 > BLUE secondary > Audio 4,Source IP:,mat-checkbox,pkt_filter_src_ip,pkt_filter_src_ip,,false,,,,,,False
Signals > CH8 > BLUE secondary > Audio 4,Source UDP Port:,mat-checkbox,pkt_filter_src_udp,pkt_filter_src_udp,,false,,,,,,False
Signals > CH8 > BLUE secondary > Audio 4,Source MAC:,mat-checkbox,pkt_filter_src_mac,pkt_filter_src_mac,,false,,,,,,False
Signals > CH8 > BLUE secondary > Audio 4,Destination IP:,mat-checkbox,pkt_filter_dst_ip,pkt_filter_dst_ip,,true,,,,,,False
Signals > CH8 > BLUE secondary > Audio 4,Destination UDP Port:,mat-checkbox,pkt_filter_dst_udp,pkt_filter_dst_udp,,false,,,,,,False
Signals > CH8 > BLUE secondary > Audio 4,Destination MAC:,mat-checkbox,pkt_filter_dst_mac,pkt_filter_dst_mac,,false,,,,,,False
Signals > CH8 > BLUE secondary > Audio 4,VLAN:,mat-checkbox,pkt_filter_vlan,pkt_filter_vlan,,false,,,,,,False
Signals > CH8 > BLUE secondary > Ancillary,Source IP:,input,src_ip_addr,src_ip_addr,text,10.7.40.50,,,,,,False
Signals > CH8 > BLUE secondary > Ancillary,Source Port:,input,src_udp_port,src_udp_port,text,0,,,,,,False
Signals > CH8 > BLUE secondary > Ancillary,Destination IP:,input,dst_ip_addr,dst_ip_addr,text,239.72.0.1,,,,,,False
Signals > CH8 > BLUE secondary > Ancillary,Destination Port:,input,dst_udp_port,dst_udp_port,text,40000,,,,,,False
Signals > CH8 > BLUE secondary > Ancillary,Destination MAC:,input,dst_mac,dst_mac,text,01:00:5e:48:00:01,,,,,,True
Signals > CH8 > BLUE secondary > Ancillary,VLAN Tag:,input,vlan_tag,vlan_tag,text,0,,,,,,False
Signals > CH8 > BLUE secondary > Ancillary,Enable Flow:,mat-checkbox,network_enable,network_enable,,true,,,,,,False
Signals > CH8 > BLUE secondary > Ancillary,RTP Payload:,input,rtp_pt,rtp_pt,text,100,,,,,,False
Signals > CH8 > BLUE secondary > Ancillary,IGMP SRC IP:,input,igmp_src_ip,igmp_src_ip,text,0.0.0.0,,,,,,False
Signals > CH8 > BLUE secondary > Ancillary,Name:,input,name,name,text,rx ch8 flow 5 sec,,,,24,,False
Signals > CH8 > BLUE secondary > Ancillary,Tags:,input,tags,tags,text,rx ;,,,,,,False
Signals > CH8 > BLUE secondary > Ancillary,Label:,input,label,label,text,F:  7- 5- 1,,,,14,,False
Signals > CH8 > BLUE secondary > Ancillary,Use Name entry to set Label,mat-checkbox,mat-checkbox-56,,,false,,,,,,False
Signals > CH8 > BLUE secondary > Ancillary,Source IP:,mat-checkbox,pkt_filter_src_ip,pkt_filter_src_ip,,true,,,,,,False
Signals > CH8 > BLUE secondary > Ancillary,Source UDP Port:,mat-checkbox,pkt_filter_src_udp,pkt_filter_src_udp,,false,,,,,,False
Signals > CH8 > BLUE secondary > Ancillary,Source MAC:,mat-checkbox,pkt_filter_src_mac,pkt_filter_src_mac,,false,,,,,,False
Signals > CH8 > BLUE secondary > Ancillary,Destination IP:,mat-checkbox,pkt_filter_dst_ip,pkt_filter_dst_ip,,true,,,,,,False
Signals > CH8 > BLUE secondary > Ancillary,Destination UDP Port:,mat-checkbox,pkt_filter_dst_udp,pkt_filter_dst_udp,,true,,,,,,False
Signals > CH8 > BLUE secondary > Ancillary,Destination MAC:,mat-checkbox,pkt_filter_dst_mac,pkt_filter_dst_mac,,false,,,,,,False
Signals > CH8 > BLUE secondary > Ancillary,VLAN:,mat-checkbox,pkt_filter_vlan,pkt_filter_vlan,,false,,,,,,False
Signals > CH1 > SDI,SDI output when signal is lost:,select,video_format,video_format,,Blue,black=Black | freeze=Freeze | blue=Blue | no_signal=No Signal,,,,,False
Signals > CH1 > SDI,VPID source:,select,vpid_selector,vpid_selector,,Regenerated,regenerated=Regenerated | source=Source | override=Override,,,,,False
Signals > CH1 > Reference,MicroSeconds units,mat-radio-group,,offsetMode,,Video lines,MicroSeconds units | Video lines,,,,,False
Signals > CH1 > Reference,uSecond units:,input,usec_offset,usec_offset,number,0,,0,,,,True
Signals > CH1 > Reference,Video lines:,input,v_offset,v_offset,number,0,,0,,,,False
Signals > CH1 > Reference,Video pixels:,input,h_offset,h_offset,number,0,,0,,,,False
Signals > CH1 > Reference,Frame Buffer:,mat-checkbox,frame_buffer,frame_buffer,,true,,,,,,False
Signals > CH1 > Reference,Audio Delay:,input,audio_delay,audio_delay,number,0,,0,89464168,,,False
Signals > CH1 > Clean switch,Enable,mat-radio-group,,enableOrDisable,,Disable,enabled=Enable | disabled=Disable,,,,,False
Signals > CH1 > Clean switch,Switching Defer Time (ms):,input,igmp_delay,igmp_delay,text,300,,,,,,False
Signals > CH1 > Clean switch,Type:,select,select_type,type,,bbm,bbm | mbb,,,,,False
Signals > CH2 > SDI,SDI output when signal is lost:,select,video_format,video_format,,Blue,black=Black | freeze=Freeze | blue=Blue | no_signal=No Signal,,,,,False
Signals > CH2 > SDI,VPID source:,select,vpid_selector,vpid_selector,,Regenerated,regenerated=Regenerated | source=Source | override=Override,,,,,False
Signals > CH2 > Reference,MicroSeconds units,mat-radio-group,,offsetMode,,Video lines,MicroSeconds units | Video lines,,,,,False
Signals > CH2 > Reference,uSecond units:,input,usec_offset,usec_offset,number,0,,0,,,,True
Signals > CH2 > Reference,Video lines:,input,v_offset,v_offset,number,0,,0,,,,False
Signals > CH2 > Reference,Video pixels:,input,h_offset,h_offset,number,0,,0,,,,False
Signals > CH2 > Reference,Frame Buffer:,mat-checkbox,frame_buffer,frame_buffer,,true,,,,,,False
Signals > CH2 > Reference,Audio Delay:,input,audio_delay,audio_delay,number,0,,0,89464168,,,False
Signals > CH2 > Clean switch,Enable,mat-radio-group,,enableOrDisable,,Disable,enabled=Enable | disabled=Disable,,,,,False
Signals > CH2 > Clean switch,Switching Defer Time (ms):,input,igmp_delay,igmp_delay,text,300,,,,,,False
Signals > CH2 > Clean switch,Type:,select,select_type,type,,bbm,bbm | mbb,,,,,False
Signals > CH3 > SDI,SDI output when signal is lost:,select,video_format,video_format,,Blue,black=Black | freeze=Freeze | blue=Blue | no_signal=No Signal,,,,,False
Signals > CH3 > SDI,VPID source:,select,vpid_selector,vpid_selector,,Regenerated,regenerated=Regenerated | source=Source | override=Override,,,,,False
Signals > CH3 > Reference,MicroSeconds units,mat-radio-group,,offsetMode,,Video lines,MicroSeconds units | Video lines,,,,,False
Signals > CH3 > Reference,uSecond units:,input,usec_offset,usec_offset,number,0,,0,,,,True
Signals > CH3 > Reference,Video lines:,input,v_offset,v_offset,number,0,,0,,,,False
Signals > CH3 > Reference,Video pixels:,input,h_offset,h_offset,number,0,,0,,,,False
Signals > CH3 > Reference,Frame Buffer:,mat-checkbox,frame_buffer,frame_buffer,,true,,,,,,False
Signals > CH3 > Reference,Audio Delay:,input,audio_delay,audio_delay,number,0,,0,89464168,,,False
Signals > CH3 > Clean switch,Enable,mat-radio-group,,enableOrDisable,,Disable,enabled=Enable | disabled=Disable,,,,,False
Signals > CH3 > Clean switch,Switching Defer Time (ms):,input,igmp_delay,igmp_delay,text,300,,,,,,False
Signals > CH3 > Clean switch,Type:,select,select_type,type,,bbm,bbm | mbb,,,,,False
Signals > CH4 > SDI,SDI output when signal is lost:,select,video_format,video_format,,Blue,black=Black | freeze=Freeze | blue=Blue | no_signal=No Signal,,,,,False
Signals > CH4 > SDI,VPID source:,select,vpid_selector,vpid_selector,,Regenerated,regenerated=Regenerated | source=Source | override=Override,,,,,False
Signals > CH4 > Reference,MicroSeconds units,mat-radio-group,,offsetMode,,Video lines,MicroSeconds units | Video lines,,,,,False
Signals > CH4 > Reference,uSecond units:,input,usec_offset,usec_offset,number,0,,0,,,,True
Signals > CH4 > Reference,Video lines:,input,v_offset,v_offset,number,0,,0,,,,False
Signals > CH4 > Reference,Video pixels:,input,h_offset,h_offset,number,0,,0,,,,False
Signals > CH4 > Reference,Frame Buffer:,mat-checkbox,frame_buffer,frame_buffer,,true,,,,,,False
Signals > CH4 > Reference,Audio Delay:,input,audio_delay,audio_delay,number,0,,0,89464168,,,False
Signals > CH4 > Clean switch,Enable,mat-radio-group,,enableOrDisable,,Disable,enabled=Enable | disabled=Disable,,,,,False
Signals > CH4 > Clean switch,Switching Defer Time (ms):,input,igmp_delay,igmp_delay,text,300,,,,,,False
Signals > CH4 > Clean switch,Type:,select,select_type,type,,bbm,bbm | mbb,,,,,False
Signals > CH5 > Reference,Enabled,mat-radio-group,,sdiInputOrOutput,,Disabled,Enabled | Disabled,,,,,False
Signals > CH5 > Reference,MicroSeconds units,mat-radio-group,,offsetMode,,Video lines,MicroSeconds units | Video lines,,,,,False
Signals > CH5 > Reference,uSecond units:,input,usec_offset,usec_offset,number,0,,0,,,,True
Signals > CH5 > Reference,Video lines:,input,v_offset,v_offset,number,0,,0,,,,False
Signals > CH5 > Reference,Video pixels:,input,h_offset,h_offset,number,0,,0,,,,False
Signals > CH5 > Reference,SDI input Genlock:,select,sdi_in_genlock,aud_delay,,Free running source,freerun=Free running source | locked=Genlocked source,,,,,True
Signals > CH5 > Reference,Audio delay:,input,audio_delay_enc,audio_delay_enc,number,0,,0,89464168,,,True
Signals > CH6 > SDI,SDI output when signal is lost:,select,video_format,video_format,,Blue,black=Black | freeze=Freeze | blue=Blue | no_signal=No Signal,,,,,False
Signals > CH6 > SDI,VPID source:,select,vpid_selector,vpid_selector,,Regenerated,regenerated=Regenerated | source=Source | override=Override,,,,,False
Signals > CH6 > Reference,MicroSeconds units,mat-radio-group,,offsetMode,,Video lines,MicroSeconds units | Video lines,,,,,False
Signals > CH6 > Reference,uSecond units:,input,usec_offset,usec_offset,number,0,,0,,,,True
Signals > CH6 > Reference,Video lines:,input,v_offset,v_offset,number,0,,0,,,,False
Signals > CH6 > Reference,Video pixels:,input,h_offset,h_offset,number,0,,0,,,,False
Signals > CH6 > Reference,Frame Buffer:,mat-checkbox,frame_buffer,frame_buffer,,true,,,,,,False
Signals > CH6 > Reference,Audio Delay:,input,audio_delay,audio_delay,number,0,,0,89464168,,,False
Signals > CH6 > Clean switch,Enable,mat-radio-group,,enableOrDisable,,Disable,enabled=Enable | disabled=Disable,,,,,False
Signals > CH6 > Clean switch,Switching Defer Time (ms):,input,igmp_delay,igmp_delay,text,300,,,,,,False
Signals > CH6 > Clean switch,Type:,select,select_type,type,,bbm,bbm | mbb,,,,,False
Signals > CH7 > Reference,Enabled,mat-radio-group,,sdiInputOrOutput,,Disabled,Enabled | Disabled,,,,,False
Signals > CH7 > Reference,MicroSeconds units,mat-radio-group,,offsetMode,,Video lines,MicroSeconds units | Video lines,,,,,False
Signals > CH7 > Reference,uSecond units:,input,usec_offset,usec_offset,number,0,,0,,,,True
Signals > CH7 > Reference,Video lines:,input,v_offset,v_offset,number,0,,0,,,,False
Signals > CH7 > Reference,Video pixels:,input,h_offset,h_offset,number,0,,0,,,,False
Signals > CH7 > Reference,SDI input Genlock:,select,sdi_in_genlock,aud_delay,,Free running source,freerun=Free running source | locked=Genlocked source,,,,,True
Signals > CH7 > Reference,Audio delay:,input,audio_delay_enc,audio_delay_enc,number,0,,0,89464168,,,True
Signals > CH8 > SDI,SDI output when signal is lost:,select,video_format,video_format,,Blue,black=Black | freeze=Freeze | blue=Blue | no_signal=No Signal,,,,,False
Signals > CH8 > SDI,VPID source:,select,vpid_selector,vpid_selector,,Regenerated,regenerated=Regenerated | source=Source | override=Override,,,,,False
Signals > CH8 > Reference,MicroSeconds units,mat-radio-group,,offsetMode,,Video lines,MicroSeconds units | Video lines,,,,,False
Signals > CH8 > Reference,uSecond units:,input,usec_offset,usec_offset,number,0,,0,,,,True
Signals > CH8 > Reference,Video lines:,input,v_offset,v_offset,number,0,,0,,,,False
Signals > CH8 > Reference,Video pixels:,input,h_offset,h_offset,number,0,,0,,,,False
Signals > CH8 > Reference,Frame Buffer:,mat-checkbox,frame_buffer,frame_buffer,,true,,,,,,False
Signals > CH8 > Reference,Audio Delay:,input,audio_delay,audio_delay,number,0,,0,89464168,,,False
Signals > CH8 > Clean switch,Enable,mat-radio-group,,enableOrDisable,,Disable,enabled=Enable | disabled=Disable,,,,,False
Signals > CH8 > Clean switch,Switching Defer Time (ms):,input,igmp_delay,igmp_delay,text,300,,,,,,False
Signals > CH8 > Clean switch,Type:,select,select_type,type,,bbm,bbm | mbb,,,,,False
